日期(年/月),單位,總發電量,總發電量_發電業,總發電量_發電業_抽蓄水力,總發電量_發電業_火力,總發電量_發電業_火力_燃煤,總發電量_發電業_火力_燃油,總發電量_發電業_火力_燃氣,總發電量_發電業_核能,總發電量_發電業_再生能源,總發電量_發電業_再生能源_慣常水力,總發電量_發電業_再生能源_地熱,總發電量_發電業_再生能源_太陽光電,總發電量_發電業_再生能源_風力,總發電量_自用發電設備,總發電量_自用發電設備_火力,總發電量_自用發電設備_火力_燃煤,總發電量_自用發電設備_火力_燃油,總發電量_自用發電設備_火力_燃氣,總發電量_自用發電設備_再生能源,總發電量_自用發電設備_再生能源_地熱,總發電量_自用發電設備_再生能源_太陽光電,總發電量_自用發電設備_再生能源_風力,總發電量_自用發電設備_再生能源_生質能,總發電量_自用發電設備_再生能源_廢棄物,總需要量,總需要量_總消費量,總需要量_總消費量_能源部門自用,總需要量_總消費量_能源部門自用_抽水用電,總需要量_總消費量_工業部門,總需要量_總消費量_運輸部門,總需要量_總消費量_農業部門,總需要量_總消費量_服務業部門,總需要量_總消費量_住宅部門,總需要量_線路損失,總需要量_統計差異,台電系統平均負載(千瓩),台電系統尖峰負載(千瓩)
200001,百萬度,13602.245,11770.284,293.392,7744.468,4933.270,1740.175,1071.023,3558.910,173.514,173.514,0.000,0.000,0.000,1831.961,1712.187,1186.710,447.035,78.443,119.774,0.000,0.000,0.000,24.996,94.778,13602.241,12583.944,1300.679,380.909,6504.933,35.377,161.245,2354.426,2227.285,628.508,389.789,0.000,0.000
200002,百萬度,11997.789,10104.745,295.060,6356.051,3672.914,1831.890,851.247,3164.412,289.222,289.222,0.000,0.000,0.000,1893.044,1753.187,1247.845,433.117,72.225,139.857,0.000,0.000,0.000,24.607,115.250,11997.789,11729.269,1129.555,328.218,6016.544,36.663,168.704,2164.665,2213.137,540.412,-271.892,0.000,0.000
200003,百萬度,14186.038,11817.609,311.387,7974.022,4643.747,2089.825,1240.449,3125.995,406.206,406.206,0.000,0.000,0.000,2368.429,2210.963,1575.393,533.674,101.896,157.466,0.000,0.000,0.000,26.232,131.234,14186.035,13715.404,1208.114,308.217,7177.984,35.714,195.932,2510.601,2587.059,631.711,-161.081,0.000,0.000
200004,百萬度,14167.784,11813.758,329.972,8500.499,5093.689,2049.694,1357.116,2640.143,343.144,343.144,0.000,0.000,0.000,2354.026,2208.712,1676.774,459.543,72.396,145.314,0.000,0.000,0.000,26.068,119.246,14167.785,13613.752,1213.120,335.206,7068.246,36.038,179.838,2544.924,2571.587,632.041,-78.008,0.000,0.000
200005,百萬度,15943.048,13407.175,345.180,9539.204,5548.929,2569.571,1420.704,3092.071,430.720,430.720,0.000,0.000,0.000,2535.873,2378.330,1851.370,446.178,80.782,157.543,0.000,0.000,0.000,24.870,132.673,15943.047,14733.439,1339.389,364.869,7718.426,39.637,177.615,2892.824,2565.548,717.897,491.711,0.000,0.000
200006,百萬度,16924.070,14154.573,388.496,9687.205,5978.459,2358.890,1349.855,3607.578,471.294,471.294,0.000,0.000,0.000,2769.497,2611.532,2038.903,477.192,95.436,157.965,0.000,0.000,0.000,25.436,132.529,16924.073,15080.865,1414.080,385.443,7803.948,39.742,205.696,3025.527,2591.872,756.811,1086.396,0.000,0.000
200007,百萬度,18077.524,15140.618,410.570,10616.761,6461.501,2499.574,1655.686,3637.515,475.771,475.771,0.000,0.000,0.000,2936.906,2774.171,2170.117,504.419,99.635,162.735,0.000,0.000,0.000,28.027,134.709,18077.524,16231.475,1559.993,418.499,7689.953,39.943,204.610,3327.329,3409.647,806.493,1039.556,0.000,0.000
200008,百萬度,17553.876,14707.509,406.309,10325.043,6278.147,2563.598,1483.298,3486.883,489.275,489.275,0.000,0.000,0.000,2846.367,2704.420,2099.239,503.859,101.323,141.947,0.000,0.000,0.000,24.943,117.004,17553.876,16478.750,1508.721,430.042,7815.044,39.961,195.725,3317.643,3601.655,785.777,289.349,0.000,0.000
200009,百萬度,16246.257,13442.536,408.898,9633.820,6079.045,2073.616,1481.159,2920.725,479.093,479.093,0.000,0.000,0.000,2803.721,2642.634,2086.988,452.382,103.264,161.087,0.000,0.000,0.000,25.263,135.824,16246.254,16494.497,1497.457,429.668,7583.230,38.657,196.974,3444.062,3734.116,715.742,-963.985,0.000,0.000
200010,百萬度,16680.969,13973.329,403.973,10209.251,6051.802,2347.467,1809.982,3040.837,319.268,319.268,0.000,0.000,0.000,2707.640,2557.132,2022.306,442.436,92.390,150.508,0.000,0.000,0.000,28.810,121.698,16680.966,16446.433,1502.240,468.696,7958.284,41.198,204.818,3348.629,3391.265,747.710,-513.177,0.000,0.000
200011,百萬度,14844.528,12309.268,388.091,8753.710,5413.014,1901.207,1439.488,2768.453,399.015,399.015,0.000,0.000,0.000,2535.260,2407.045,1880.970,437.731,88.345,128.215,0.000,0.000,0.000,19.115,109.099,14844.524,15062.592,1435.842,420.660,7247.037,34.438,193.239,3083.896,3068.140,655.115,-873.184,0.000,0.000
200012,百萬度,14616.673,11989.099,328.831,7917.543,5088.252,1408.957,1420.334,3459.268,283.457,283.457,0.000,0.000,0.000,2627.574,2455.757,1964.667,399.390,91.700,171.817,0.000,0.120,1.383,23.649,146.665,14616.673,14332.954,1367.083,377.090,7282.853,37.968,177.687,2885.395,2581.968,638.459,-354.740,0.000,0.000
200101,百萬度,13424.966,10887.550,299.714,6727.125,4295.656,1402.464,1029.004,3547.547,313.165,313.165,0.000,0.000,0.000,2537.415,2379.921,1889.292,377.991,112.638,157.495,0.000,0.022,0.916,24.928,131.629,13424.959,13215.796,1357.636,372.694,6665.074,39.527,164.183,2596.053,2393.323,209.163,0.000,0.000,0.000
200102,百萬度,13264.207,10843.334,291.284,7302.204,4534.922,1530.489,1236.793,2890.002,359.844,359.844,0.000,0.000,0.000,2420.873,2287.773,1806.810,378.354,102.609,133.101,0.000,0.022,0.757,25.784,106.537,13264.204,12941.509,1308.108,369.486,6599.190,34.980,178.645,2372.386,2448.201,322.696,0.000,0.000,0.000
200103,百萬度,15077.824,12283.699,361.124,8955.539,5315.069,1909.466,1731.004,2636.372,330.664,330.664,0.000,0.000,0.000,2794.125,2635.721,2102.276,434.957,98.487,158.404,0.000,0.022,0.631,27.730,130.020,15077.820,14319.998,1359.914,433.387,7606.056,36.984,178.037,2613.201,2525.806,748.704,9.118,0.000,0.000
200104,百萬度,14966.491,12459.152,355.697,10068.078,6115.939,2137.467,1814.672,1604.992,430.384,430.384,0.000,0.000,0.000,2507.339,2354.045,1856.361,384.892,112.793,153.294,0.000,0.022,0.601,30.228,122.443,14966.490,13815.432,1499.312,442.024,7215.347,37.693,178.225,2549.760,2335.096,1151.058,0.000,0.000,0.000
200105,百萬度,16151.805,13733.806,368.469,10315.173,6930.939,2058.241,1325.993,2517.029,533.135,533.135,0.000,0.000,0.000,2417.999,2253.614,1707.250,428.351,118.013,164.385,0.000,0.022,0.391,25.066,138.905,16151.802,14672.090,1647.927,462.374,7328.112,39.478,183.569,2955.343,2517.660,2079.713,-600.000,0.000,0.000
200106,百萬度,17005.640,14341.663,330.701,9875.196,6544.931,1610.150,1720.114,3498.702,637.064,637.064,0.000,0.000,0.000,2663.977,2482.760,1936.613,428.248,117.899,181.217,0.000,0.022,0.147,32.329,148.719,17005.634,15492.888,1733.755,393.296,7643.545,40.861,191.246,3079.127,2804.354,1512.746,0.000,0.000,0.000
200107,百萬度,18361.447,15381.026,354.172,11133.640,6924.184,2219.096,1990.360,3272.826,620.388,620.388,0.000,0.000,0.000,2980.420,2747.404,2176.324,449.057,122.023,233.016,0.000,0.022,0.236,32.112,200.646,18361.444,16967.848,1731.633,408.783,7843.377,43.770,198.200,3640.494,3510.374,1393.597,0.000,0.000,0.000
200108,百萬度,19023.285,16067.876,374.990,11640.527,7024.347,2429.796,2186.384,3667.923,384.435,384.324,0.000,0.000,0.111,2955.409,2734.988,2163.104,463.637,108.247,220.422,0.000,0.022,0.115,16.314,203.971,19023.287,17012.103,1640.745,430.659,7681.179,40.624,206.073,3500.639,3942.843,0.000,2011.184,0.000,0.000
200109,百萬度,16031.824,13118.930,329.463,9502.174,6398.972,1689.579,1413.623,2825.499,461.794,461.072,0.000,0.000,0.722,2912.894,2657.657,2116.165,437.592,103.900,255.236,0.000,0.022,0.737,14.090,240.387,16031.824,16853.109,1501.666,384.393,7351.716,30.017,208.429,3550.580,4210.702,0.000,-821.285,0.000,0.000
200110,百萬度,15858.928,13052.348,368.415,9163.031,5634.365,1879.704,1648.962,3041.238,479.664,478.447,0.000,0.000,1.217,2806.580,2596.867,2095.051,387.884,113.933,209.713,0.000,0.022,0.987,27.430,181.274,15858.926,16294.166,1441.667,414.711,7818.138,35.198,184.560,3263.995,3550.607,0.000,-435.239,0.000,0.000
200111,百萬度,14633.320,11954.770,329.238,8297.509,5600.502,1299.939,1397.067,3019.897,308.126,307.001,0.000,0.000,1.125,2678.550,2483.676,2034.306,352.809,96.561,194.874,0.000,0.022,1.202,31.501,162.149,14633.314,14856.119,1445.764,420.510,7350.339,35.740,182.745,2899.188,2942.342,0.000,-222.805,0.000,0.000
200112,百萬度,14730.740,11950.364,315.840,8434.029,5838.346,868.963,1726.719,2964.394,236.101,234.810,0.000,0.000,1.291,2780.375,2523.650,2076.369,356.425,90.856,256.725,0.000,0.022,1.040,43.187,212.476,14730.736,14052.964,1401.125,413.186,6970.385,33.200,175.090,2998.239,2474.925,688.089,-10.317,0.000,0.000
200201,百萬度,14255.616,11456.500,311.289,7374.063,4982.777,1022.693,1368.593,3609.253,161.896,160.800,0.000,0.000,1.096,2799.117,2541.249,2062.112,376.036,103.101,257.868,0.000,0.023,0.856,44.004,212.985,14255.617,13982.368,1370.088,401.508,7285.470,39.558,167.467,2630.299,2489.485,693.878,-420.628,0.000,0.000
200202,百萬度,12382.364,10076.621,254.258,6358.279,4429.877,695.700,1232.702,3262.072,202.012,201.102,0.000,0.000,0.911,2305.743,2124.726,1638.546,414.316,71.864,181.017,0.000,0.025,0.769,37.358,142.865,12382.363,12047.756,1193.218,329.782,6029.770,34.791,144.951,2257.818,2387.209,459.519,-124.912,0.000,0.000
200203,百萬度,15342.705,12411.568,306.549,8607.326,5796.454,1010.901,1799.971,3262.313,235.381,234.694,0.000,0.000,0.687,2931.137,2766.320,2160.165,495.759,110.395,164.817,0.000,0.026,0.502,42.637,121.652,15342.705,14471.940,1461.537,390.651,7624.345,43.109,177.149,2654.055,2511.744,1088.693,-217.928,0.000,0.000
200204,百萬度,16169.426,13283.210,306.419,9850.308,6025.350,1470.077,2354.882,2929.053,197.429,196.892,0.000,0.000,0.537,2886.217,2705.202,2152.886,452.418,99.898,181.015,0.000,0.027,0.476,28.727,151.786,16169.423,14704.036,1458.023,402.121,7862.826,38.756,180.608,2727.578,2436.246,1447.735,17.652,0.000,0.000
200205,百萬度,17546.910,14568.525,297.314,11026.409,7060.766,1666.547,2299.096,3060.446,184.355,184.114,0.000,0.000,0.241,2978.385,2750.507,2170.081,487.895,92.531,227.878,0.000,0.028,0.255,33.630,193.965,17546.910,16319.748,1540.697,390.952,8480.349,42.453,212.220,3341.545,2702.484,1212.021,15.141,0.000,0.000
200206,百萬度,17907.170,14996.126,296.304,11029.588,7071.817,1628.561,2329.210,3448.848,221.386,221.168,0.000,0.000,0.218,2911.044,2659.621,2225.460,341.101,93.061,251.423,0.000,0.029,0.258,31.325,219.811,17907.166,16094.805,1494.713,399.275,7831.203,39.195,214.274,3366.416,3149.004,0.000,1812.361,0.000,0.000
200207,百萬度,19323.403,16244.811,312.684,11818.504,7488.071,1570.440,2759.993,3714.280,399.344,399.002,0.000,0.000,0.341,3078.591,2815.234,2309.774,404.850,100.610,263.358,0.000,0.029,0.287,35.047,227.995,19323.402,17435.656,1578.168,394.624,8522.499,44.855,192.269,3623.370,3474.496,1865.032,22.714,0.000,0.000
200208,百萬度,19578.594,16431.271,309.286,12067.995,7773.555,1601.873,2692.566,3728.565,325.425,325.167,0.000,0.000,0.258,3147.323,2878.577,2319.362,429.607,129.608,268.746,0.000,0.029,0.159,33.312,235.246,19578.592,18215.067,1752.672,392.712,8469.386,43.651,219.547,3737.146,3992.665,1392.822,-29.297,0.000,0.000
200209,百萬度,17470.478,14474.646,240.498,10734.640,7395.824,1107.426,2231.390,3217.200,282.308,281.769,0.000,0.000,0.539,2995.833,2727.776,2195.964,415.448,116.364,268.057,0.000,0.033,0.526,30.688,236.810,17470.479,17976.200,1500.984,313.719,7986.068,39.886,213.918,3832.276,4403.069,0.000,-505.722,0.000,0.000
200210,百萬度,17205.710,14311.949,310.878,10439.596,6794.919,1452.206,2192.470,3288.663,272.812,271.939,0.000,0.000,0.873,2893.762,2653.348,2136.572,394.597,122.179,240.414,0.000,0.033,0.696,34.208,205.477,17205.709,17353.004,1585.223,405.532,8204.588,38.045,206.381,3508.292,3810.476,0.000,-147.295,0.000,0.000
200211,百萬度,15737.111,12948.008,316.583,9389.887,6094.787,1410.250,1884.850,3082.387,159.151,158.043,0.000,0.000,1.109,2789.103,2547.715,2064.884,386.191,96.640,241.388,0.000,0.033,1.597,34.026,205.732,15737.104,16399.647,1621.211,412.044,7872.424,35.358,215.421,3409.824,3245.409,0.000,-662.542,0.000,0.000
200212,百萬度,15909.417,12957.585,318.738,9543.734,6291.932,1392.373,1859.428,2949.840,145.273,144.211,0.000,0.000,1.063,2951.832,2701.753,2243.633,365.313,92.807,250.079,0.000,0.033,1.630,26.009,222.408,15909.417,15257.537,1566.887,418.163,7861.880,34.921,181.953,3023.225,2588.671,645.250,6.631,0.000,0.000
200301,百萬度,15464.984,12390.143,320.609,8247.804,5976.116,632.270,1639.419,3670.773,150.957,149.664,0.000,0.000,1.294,3074.842,2815.222,2290.935,432.007,92.280,259.620,0.000,0.034,1.775,30.368,227.443,15464.981,14774.119,1494.356,421.813,7850.478,35.378,176.543,2697.310,2520.055,702.934,-12.073,0.000,0.000
200302,百萬度,13838.030,11264.141,291.358,7513.575,5341.106,850.997,1321.472,3295.291,163.916,163.064,0.000,0.000,0.853,2573.890,2313.723,1854.814,366.470,92.439,260.167,0.000,0.034,1.221,38.938,219.974,13838.027,13444.729,1390.702,380.787,6576.153,36.581,184.044,2599.250,2657.999,115.334,277.965,0.000,0.000
200303,百萬度,16008.952,13050.974,328.307,9472.559,6688.632,677.697,2106.229,3071.289,178.819,177.851,0.000,0.000,0.968,2957.978,2693.894,2214.703,388.694,90.497,264.084,0.000,0.034,1.135,42.202,220.713,16008.948,15284.030,1597.091,427.267,8165.935,37.986,166.802,2744.804,2571.411,691.396,33.522,0.000,0.000
200304,百萬度,16511.636,13738.912,329.634,10416.490,7035.540,1155.255,2225.694,2758.506,234.282,233.709,0.000,0.000,0.574,2772.723,2558.535,2055.471,420.585,82.478,214.189,0.000,0.034,0.652,29.319,184.183,16511.630,14632.842,1553.961,436.628,7731.062,37.479,180.608,2726.146,2403.587,1443.403,435.385,0.000,0.000
200305,百萬度,17780.615,14736.194,343.986,11331.155,7683.338,1229.768,2418.049,2811.370,249.684,249.080,0.000,0.000,0.603,3044.422,2811.813,2248.653,466.467,96.693,232.608,0.000,0.036,0.827,30.501,201.244,17780.610,16466.265,1668.333,455.796,8499.222,36.777,212.220,3347.226,2702.487,1706.000,-391.655,0.000,0.000
200306,百萬度,17859.740,14624.674,328.964,10563.785,7592.178,668.380,2303.227,3360.745,371.180,370.636,0.000,0.000,0.543,3235.067,2966.457,2411.378,472.262,82.816,268.610,0.000,0.036,0.665,31.655,236.254,17859.737,16778.072,1651.706,421.921,8335.998,37.922,204.955,3379.561,3167.931,1123.973,-42.308,0.000,0.000
200307,百萬度,21060.671,17374.272,355.915,13004.663,7928.933,1868.600,3207.131,3659.678,354.016,353.814,0.000,0.000,0.202,3686.399,3409.352,2801.103,518.607,89.641,277.047,0.000,0.037,0.228,32.812,243.970,21060.669,18203.651,1762.516,434.615,8825.665,40.351,209.936,3850.787,3514.396,2860.173,-3.154,0.000,0.000
200308,百萬度,20560.902,16876.490,323.846,12570.241,7604.706,1881.573,3083.962,3714.183,268.219,268.017,0.000,0.000,0.203,3684.413,3400.168,2883.689,435.042,81.437,284.245,0.000,0.040,0.182,32.699,251.324,20560.900,18985.895,1714.373,425.445,8862.944,40.286,233.698,3877.136,4257.458,1591.230,-16.225,0.000,0.000
200309,百萬度,19066.173,15478.149,308.288,11754.234,7356.099,1770.059,2628.077,3047.954,367.673,367.080,0.000,0.000,0.593,3588.024,3294.448,2722.656,481.097,90.695,293.577,0.000,0.041,0.792,30.235,262.508,19066.173,19835.855,1644.980,385.939,8904.002,41.540,231.200,4194.826,4819.308,-781.298,11.615,0.000,0.000
200310,百萬度,17763.331,14421.186,298.294,10547.783,7320.155,978.169,2249.460,3266.952,308.157,306.913,0.000,0.000,1.244,3342.144,3076.742,2519.652,468.348,88.743,265.402,0.000,0.045,1.869,29.375,234.113,17763.328,18492.000,1614.419,394.126,8569.460,38.954,225.882,3792.798,4250.488,-585.691,-142.981,0.000,0.000
200311,百萬度,16603.817,13716.165,306.750,10228.406,6813.201,1255.181,2160.023,2959.283,221.727,220.390,0.000,0.000,1.337,2887.652,2630.100,2220.242,338.974,70.884,257.551,0.000,0.045,2.172,29.831,225.503,16603.811,17071.439,1550.714,401.654,8233.850,38.256,213.370,3546.734,3488.515,-301.412,-166.215,0.000,0.000
200312,百萬度,16553.571,13403.429,324.585,9627.598,6576.635,1048.319,2002.644,3275.552,175.694,174.299,0.000,0.000,1.395,3150.142,2861.814,2276.959,527.737,57.117,288.328,0.000,0.045,2.436,36.320,249.528,16553.572,16495.710,1604.298,424.349,8719.460,43.094,190.912,3191.223,2746.723,185.053,-127.192,0.000,0.000
200401,百萬度,15562.000,12441.371,286.884,8469.819,6061.827,1016.908,1391.084,3508.020,176.649,175.176,0.000,0.000,1.473,3120.629,2836.110,2291.408,481.520,63.182,284.519,0.000,0.045,1.536,30.705,252.233,15561.994,15019.899,1476.005,378.233,7752.763,40.391,190.619,2861.829,2698.292,655.361,-113.266,0.000,0.000
200402,百萬度,15323.033,12268.811,257.310,8614.691,6129.052,903.518,1582.121,3100.588,296.222,295.443,0.000,0.000,0.779,3054.222,2796.490,2287.027,429.530,79.933,257.732,0.000,0.046,1.337,32.368,223.981,15323.029,14529.589,1384.360,337.828,7661.131,38.020,174.666,2600.510,2670.902,1046.293,-252.852,0.000,0.000
200403,百萬度,17056.268,13668.395,259.644,9819.108,6290.079,700.178,2828.851,3270.143,319.499,318.648,0.000,0.000,0.851,3387.873,3109.262,2503.027,517.662,88.573,278.611,0.000,0.046,1.601,28.332,248.632,17056.264,16623.985,1519.897,344.691,9180.446,44.957,190.510,2972.820,2715.355,394.894,37.385,0.000,0.000
200404,百萬度,17123.720,13770.264,260.839,10281.961,6329.667,628.697,3323.597,2939.411,288.052,287.595,0.000,0.000,0.458,3353.456,3123.279,2583.927,456.483,82.869,230.177,0.000,0.047,0.807,29.545,199.778,17123.719,16326.634,1471.533,317.884,8618.048,42.163,204.257,3185.953,2804.680,798.879,-1.794,0.000,0.000
200405,百萬度,19479.358,16089.578,293.046,11821.701,7363.655,1071.648,3386.397,3648.161,326.671,326.301,0.000,0.000,0.370,3389.780,3138.736,2586.882,474.580,77.274,251.044,0.000,0.047,0.499,29.068,221.431,19479.357,17046.753,1615.733,368.241,8858.033,42.117,204.016,3381.303,2945.551,2434.741,-2.138,0.000,0.000
200406,百萬度,19642.070,16057.802,282.582,11856.094,7699.805,946.742,3209.547,3596.888,322.238,321.615,0.000,0.000,0.622,3584.269,3295.047,2671.815,545.776,77.456,289.222,0.000,0.047,0.688,28.852,259.635,19642.066,18491.432,1705.941,331.749,9422.222,46.976,221.604,3771.561,3323.127,1142.354,8.281,0.000,0.000
200407,百萬度,20921.653,17206.787,271.385,12941.910,7941.295,1271.269,3729.345,3690.646,302.846,302.548,0.000,0.000,0.298,3714.866,3402.472,2847.289,468.308,86.876,312.393,0.000,0.047,0.331,28.691,283.325,20921.647,18951.771,1662.467,303.445,9247.803,45.266,228.489,3979.280,3788.466,2006.368,-36.492,0.000,0.000
200408,百萬度,21055.961,17369.168,316.064,13183.374,8048.238,1365.852,3769.283,3568.820,300.911,300.600,0.000,0.000,0.311,3686.793,3377.978,2784.595,524.154,69.229,308.815,0.000,0.047,0.480,26.572,281.716,21055.958,19767.832,1714.316,343.853,9367.727,45.078,246.778,4073.201,4320.732,1275.443,12.684,0.000,0.000
200409,百萬度,19506.670,15760.807,293.171,12067.898,7673.483,1202.526,3191.889,3113.239,286.499,286.034,0.000,0.000,0.465,3745.863,3441.035,2802.159,576.275,62.601,304.829,0.000,0.049,0.366,27.394,277.019,19506.664,20260.761,1663.669,318.346,9390.369,44.904,227.251,4303.959,4630.609,-734.250,-19.847,0.000,0.000
200410,百萬度,18086.878,14160.222,252.803,10727.777,7040.472,735.327,2951.978,2955.269,224.373,221.916,0.000,0.000,2.457,3926.656,3652.292,3035.167,541.941,75.185,274.364,0.000,0.052,1.657,28.771,243.884,18086.882,18526.182,1588.261,312.238,9021.117,41.720,212.780,3697.305,3964.999,-415.133,-24.167,0.000,0.000
200411,百萬度,17368.604,13635.614,273.713,10200.558,6338.561,860.486,3001.512,2976.193,185.149,183.365,0.000,0.000,1.785,3732.990,3463.826,2893.673,493.333,76.820,269.164,0.000,0.054,1.197,27.028,240.885,17368.601,17416.580,1541.382,358.224,8841.066,42.350,202.334,3585.585,3203.863,-38.721,-9.258,0.000,0.000
200412,百萬度,17270.455,13347.957,298.249,9733.431,6162.720,680.270,2890.441,3122.688,193.590,190.627,0.000,0.000,2.962,3922.499,3621.064,3014.236,544.136,62.692,301.435,0.000,0.057,1.926,31.202,268.250,17270.450,16927.812,1594.416,374.621,9184.038,44.598,207.432,3375.812,2521.515,370.894,-28.255,0.000,0.000
200501,百萬度,17161.309,13407.466,302.931,9188.358,6518.148,369.354,2300.857,3726.271,189.906,186.436,0.000,0.000,3.471,3753.843,3449.430,2955.373,454.021,40.036,304.413,0.000,0.060,1.698,32.738,269.917,17161.306,16082.309,1524.717,390.133,8348.206,41.934,192.078,3087.652,2887.722,1079.200,-0.204,0.000,0.000
200502,百萬度,14772.414,11669.335,289.571,7949.228,5842.391,445.862,1660.976,3192.060,238.475,236.004,0.000,0.000,2.471,3103.079,2828.592,2396.271,400.772,31.549,274.486,0.000,0.068,1.399,30.184,242.836,14772.414,14289.193,1321.036,361.585,7158.859,39.891,181.089,2715.909,2872.409,487.179,-3.957,0.000,0.000
200503,百萬度,17544.567,14248.826,332.451,10234.093,7382.637,380.044,2471.412,3222.649,459.633,457.365,0.000,0.000,2.268,3295.741,2997.869,2499.420,457.664,40.785,297.872,0.000,0.071,1.303,31.672,264.826,17544.565,17228.073,1676.544,386.779,9343.288,50.320,177.176,3115.709,2865.037,313.646,2.846,0.000,0.000
200504,百萬度,17832.057,14638.558,332.076,10773.482,7145.535,511.441,3116.506,3137.985,395.014,392.454,0.000,0.000,2.560,3193.499,2936.978,2374.134,518.616,44.228,256.522,0.000,0.074,0.695,28.837,226.915,17832.056,16639.700,1628.754,383.655,8741.506,45.222,198.929,3103.681,2921.608,1192.526,-0.170,0.000,0.000
200505,百萬度,19965.380,16466.883,341.930,12366.324,7622.680,1076.842,3666.803,3389.704,368.925,365.667,0.000,0.000,3.258,3498.497,3264.319,2702.221,513.831,48.267,234.178,0.000,0.074,0.710,22.621,210.773,19965.377,18371.639,1685.150,415.016,9467.642,48.631,213.239,3799.640,3157.336,1590.498,3.241,0.000,0.000
200506,百萬度,20012.320,16345.798,341.383,11914.652,7813.342,754.935,3346.374,3634.805,454.958,450.256,0.000,0.000,4.702,3666.522,3368.481,2775.359,543.436,49.686,298.041,0.000,0.075,0.797,25.522,271.647,20012.321,19185.567,1687.804,386.084,9469.168,50.937,214.066,4007.950,3755.642,826.807,-0.053,0.000,0.000
200507,百萬度,21674.357,17808.232,343.098,13406.917,8146.898,1112.061,4147.959,3612.742,445.475,443.486,0.000,0.000,1.989,3866.125,3553.815,2930.757,581.641,41.417,312.310,0.000,0.081,0.521,26.750,284.958,21674.357,19332.331,1667.198,401.741,9257.066,46.575,223.876,4164.195,3973.420,2335.920,6.106,0.000,0.000
200508,百萬度,21655.217,17779.510,318.136,13344.798,8238.091,1032.876,4073.831,3638.160,478.416,475.719,0.000,0.000,2.697,3875.708,3565.963,2921.604,595.233,49.126,309.745,0.000,0.082,0.691,21.129,287.843,21655.216,20735.437,1784.273,373.801,10112.687,53.849,220.907,4231.163,4332.558,916.756,3.024,0.000,0.000
200509,百萬度,20588.246,16843.688,321.308,13285.278,7701.887,1286.536,4296.855,2847.924,389.178,383.163,0.000,0.000,6.014,3744.558,3446.295,2823.580,577.740,44.975,298.264,0.000,0.086,0.633,22.722,274.822,20588.246,20554.330,1694.970,349.383,9553.357,47.947,230.448,4439.738,4587.870,30.455,3.461,0.000,0.000
200510,百萬度,19702.995,16103.535,311.289,12286.192,7115.533,1417.213,3753.446,3160.743,345.311,326.724,0.000,0.000,18.587,3599.460,3337.063,2811.343,487.076,38.645,262.396,0.000,0.089,1.837,24.796,235.674,19702.994,19473.559,1583.933,355.893,9202.876,44.044,230.338,4042.158,4370.209,228.557,0.879,0.000,0.000
200511,百萬度,18458.117,14904.764,293.971,11478.824,7044.443,1211.516,3222.865,2916.862,215.106,204.610,0.000,0.000,10.496,3553.354,3282.010,2726.912,522.023,33.074,271.344,0.000,0.096,1.574,26.125,243.550,18458.111,19196.558,1638.942,385.833,9647.454,49.362,206.637,3952.695,3701.467,-739.622,1.176,0.000,0.000
200512,百萬度,18145.288,14814.427,310.375,10843.979,7169.844,1320.894,2353.242,3492.102,167.971,149.488,0.000,0.000,18.483,3330.861,3057.846,2473.818,541.208,42.821,273.015,0.000,0.104,2.449,30.382,240.079,18145.286,17368.825,1657.707,408.704,9190.572,45.071,200.813,3394.398,2880.263,774.133,2.329,0.000,0.000
200601,百萬度,17606.501,14293.172,317.056,10071.267,6761.427,1413.966,1895.873,3663.362,241.488,220.043,0.000,0.000,21.445,3313.329,2994.690,2509.814,455.053,29.824,318.639,0.000,0.106,1.556,28.232,288.745,17606.499,16624.410,1552.642,415.768,8668.620,42.557,192.510,3146.741,3021.339,977.552,4.537,0.000,0.000
200602,百萬度,15925.045,13028.291,276.933,9548.030,6297.185,1598.363,1652.482,2950.231,253.097,234.439,0.000,0.000,18.658,2896.753,2638.149,2174.236,431.669,32.244,258.605,0.000,0.107,1.817,29.648,227.032,15925.043,15748.490,1417.576,364.931,8059.343,42.100,196.508,2975.758,3057.205,170.615,5.938,0.000,0.000
200603,百萬度,18319.637,15174.155,310.920,11545.546,7095.287,1649.527,2800.732,3012.591,305.099,292.449,0.000,0.000,12.650,3145.482,2868.311,2360.022,473.062,35.227,277.171,0.000,0.111,1.001,27.604,248.455,18319.634,17867.678,1662.808,407.488,9910.684,51.208,172.691,3238.590,2831.698,448.726,3.229,0.000,0.000
200604,百萬度,18777.769,15455.678,322.054,11778.402,7598.714,1073.534,3106.154,2952.539,402.682,390.430,0.000,0.000,12.252,3322.091,3080.195,2654.095,389.732,36.368,241.896,0.000,0.111,0.659,25.926,215.201,18777.765,17232.972,1608.414,391.998,9149.868,44.712,224.251,3293.210,2912.518,1539.582,5.210,0.000,0.000
200605,百萬度,20455.932,16658.070,346.158,12787.766,8054.768,1128.399,3604.600,3050.911,473.234,454.428,0.000,0.000,18.806,3797.863,3526.122,3022.153,461.469,42.499,271.741,0.000,0.114,0.610,27.170,243.847,20455.934,18728.584,1757.966,383.605,9811.040,48.894,200.650,3761.904,3148.132,1728.466,-1.117,0.000,0.000
200606,百萬度,20848.740,16928.935,336.424,12795.414,7692.913,1280.863,3821.638,3391.831,405.266,388.204,0.000,0.000,17.062,3919.805,3626.345,3109.405,483.272,33.668,293.461,0.000,0.121,0.418,25.807,267.115,20848.743,20625.158,1788.673,369.986,10893.677,59.113,234.721,4250.436,3398.539,223.053,0.531,0.000,0.000
200607,百萬度,22757.901,18619.513,356.923,14073.921,8606.176,1222.958,4244.787,3693.477,495.192,479.158,0.000,0.000,16.034,4138.388,3831.422,3283.908,513.886,33.628,306.966,0.000,0.125,0.535,26.275,280.031,22757.900,19349.457,1805.250,366.263,9087.614,46.161,229.341,4079.405,4101.686,3410.924,-2.481,0.000,0.000
200608,百萬度,22801.100,18849.431,354.649,14305.425,8127.998,1305.442,4871.985,3729.676,459.681,450.715,0.000,0.000,8.967,3951.670,3643.193,3136.748,469.280,37.165,308.477,0.000,0.126,0.176,25.575,282.600,22801.100,21687.341,1856.477,394.632,10578.126,59.471,230.026,4429.265,4533.976,1114.363,-0.604,0.000,0.000
200609,百萬度,20624.417,16674.130,322.590,12699.121,8025.355,918.480,3755.286,3231.741,420.677,395.082,0.000,0.000,25.595,3950.287,3647.739,3119.925,465.476,62.337,302.548,0.000,0.128,0.854,24.159,277.407,20624.409,20833.984,1661.844,373.317,9539.080,52.020,254.233,4483.918,4842.889,-213.438,3.863,0.000,0.000
200610,百萬度,20117.995,16731.477,314.158,12849.057,8163.438,1070.732,3614.886,3239.959,328.303,294.318,0.000,0.000,33.985,3386.518,3119.569,2642.851,433.652,43.066,266.949,0.000,0.132,0.998,26.643,239.176,20117.993,20304.541,1816.231,405.210,9758.521,50.019,234.225,4150.559,4294.985,-184.144,-2.404,0.000,0.000
200611,百萬度,18803.894,15638.972,314.475,11830.333,7472.454,1058.228,3299.651,3190.022,304.143,271.339,0.000,0.000,32.804,3164.922,2911.107,2504.493,347.156,59.458,253.815,0.000,0.135,1.015,26.215,226.451,18803.890,19324.595,1721.763,397.535,9812.393,50.658,222.750,4038.090,3478.941,-526.874,6.169,0.000,0.000
200612,百萬度,18491.211,15146.817,338.327,10780.499,7089.096,744.510,2946.893,3764.158,263.833,217.746,0.000,0.000,46.087,3344.394,3053.500,2615.402,388.956,49.142,290.894,0.000,0.141,2.093,28.042,260.618,18491.215,17639.565,1601.572,416.139,9232.121,46.162,209.998,3707.416,2842.297,849.850,1.800,0.000,0.000
200701,百萬度,18636.983,14859.991,328.191,10385.735,6772.845,966.819,2646.071,3823.337,322.728,251.244,0.000,0.000,71.484,3776.992,3457.062,3003.310,401.152,52.599,319.930,0.000,0.143,2.047,25.504,292.236,18636.981,18219.447,1776.781,418.524,9983.191,67.211,198.251,3171.663,3022.350,410.436,7.099,0.000,0.000
200702,百萬度,15853.814,12613.902,280.323,8904.929,5911.597,890.932,2102.400,3171.948,256.703,222.860,0.000,0.000,33.842,3239.912,2951.917,2536.263,360.666,54.988,287.995,0.000,0.146,1.003,24.026,262.819,15853.811,15518.273,1418.541,369.254,8143.714,57.790,184.428,2883.633,2830.166,331.941,3.596,0.000,0.000
200703,百萬度,19241.421,15433.863,316.280,11518.474,7342.145,873.312,3303.016,3254.931,344.178,304.734,0.000,0.000,39.444,3807.558,3494.246,3056.824,376.343,61.079,313.312,0.000,0.149,1.056,30.338,281.769,19241.423,17774.745,1683.706,375.611,9584.258,62.475,202.130,3295.282,2946.894,1460.849,5.829,0.000,0.000
200704,百萬度,18762.242,15177.315,329.048,11347.477,7398.142,650.253,3299.082,3082.326,418.464,387.174,0.000,0.000,31.290,3584.927,3336.680,2960.880,315.164,60.636,248.247,0.000,0.155,0.940,25.372,221.781,18762.236,17693.307,1619.956,342.336,9381.998,49.360,209.198,3346.316,3086.479,1065.925,3.004,0.000,0.000
200705,百萬度,21402.670,17592.027,365.782,13542.009,8265.264,1043.462,4233.283,3275.744,408.492,394.887,0.000,0.000,13.605,3810.643,3545.898,3114.289,362.619,68.991,264.745,0.000,0.168,0.362,25.162,239.053,21402.670,19917.686,1836.015,378.791,10764.007,74.732,212.233,3926.609,3104.091,1483.396,1.588,0.000,0.000
200706,百萬度,21630.901,17776.814,342.349,13337.266,8195.333,946.753,4195.180,3651.715,445.485,431.199,0.000,0.000,14.286,3854.087,3553.984,3059.787,437.968,56.229,300.102,0.000,0.168,0.302,24.238,275.394,21630.898,19826.788,1734.662,348.070,9954.416,75.059,239.404,4142.800,3680.445,1801.064,3.046,0.000,0.000
200707,百萬度,24213.664,20259.618,341.340,15763.134,8745.486,1546.021,5471.627,3729.192,425.952,409.237,0.000,0.000,16.715,3954.046,3625.684,3117.401,439.909,68.375,328.362,0.000,0.170,0.537,25.975,301.680,24213.664,21541.599,1892.221,375.340,10757.085,77.703,237.114,4376.791,4200.685,2665.044,7.021,0.000,0.000
200708,百萬度,22784.423,18637.881,314.938,14138.407,8721.211,1021.153,4396.043,3751.666,432.869,417.212,0.000,0.000,15.657,4146.543,3837.894,3314.907,453.031,69.956,308.649,0.000,0.200,0.333,24.018,284.098,22784.419,22444.218,1923.764,395.459,10974.738,82.500,261.058,4468.036,4734.122,339.545,0.656,0.000,0.000
200709,百萬度,21240.306,17385.112,339.790,13517.551,8493.841,824.643,4199.067,2991.594,536.176,509.122,0.000,0.000,27.055,3855.194,3560.509,3086.579,411.870,62.060,294.685,0.000,0.201,0.371,23.098,271.016,21240.307,21489.495,1716.972,335.031,10034.528,76.884,239.868,4498.913,4922.331,-250.610,1.421,0.000,0.000
200710,百萬度,20856.346,17198.829,355.252,13284.598,8128.839,1195.948,3959.811,3025.493,533.487,483.148,0.000,0.000,50.339,3657.516,3401.591,2970.740,364.804,66.047,255.925,0.000,0.213,1.194,24.949,229.569,20856.342,21010.656,1780.948,335.679,10732.896,84.557,216.446,4119.041,4076.768,-161.377,7.063,0.000,0.000
200711,百萬度,19089.326,15793.864,301.693,12013.879,7361.482,1149.695,3502.701,3056.115,422.177,358.683,0.000,0.000,63.494,3295.462,3033.470,2692.224,282.684,58.562,261.992,0.000,0.223,1.577,24.180,236.012,19089.324,19674.790,1654.048,358.599,10237.898,84.043,218.147,3920.041,3560.613,-599.827,14.361,0.000,0.000
200712,百萬度,19404.512,16066.875,317.714,11723.857,7664.172,1089.489,2970.196,3725.100,300.204,248.049,0.000,0.000,52.155,3337.637,3043.676,2626.146,342.635,74.895,293.961,0.000,0.244,0.448,25.407,267.862,19404.509,18371.681,1729.769,416.437,9869.851,80.980,201.275,3531.608,2958.197,1043.762,-10.934,0.000,0.000
200801,百萬度,19447.572,15950.900,316.289,11527.046,7745.136,931.158,2850.752,3823.080,284.484,212.789,0.000,0.006,71.688,3496.673,3181.750,2737.767,396.262,47.721,314.922,0.000,0.247,0.694,29.582,284.400,19447.571,19005.074,1821.102,415.095,10501.803,96.313,197.783,3396.992,2991.082,424.644,17.853,0.000,0.000
200802,百萬度,17269.803,14004.800,299.353,9708.940,6519.350,918.437,2271.153,3577.904,418.603,336.335,0.000,0.004,82.263,3265.004,2980.891,2596.198,331.069,53.624,284.112,0.000,0.272,1.850,28.235,253.754,17269.801,16601.680,1545.442,376.852,8760.593,79.216,191.188,2977.169,3048.073,680.693,-12.571,0.000,0.000
200803,百萬度,19621.170,15952.113,303.892,12009.314,7076.191,1097.840,3835.284,3267.019,371.888,327.885,0.000,0.009,43.994,3669.057,3372.975,2976.059,325.156,71.760,296.082,0.000,0.263,0.716,28.842,266.261,19621.169,18306.655,1661.775,376.852,10011.889,89.574,190.354,3197.779,3155.283,1281.373,33.141,0.000,0.000
200804,百萬度,19560.572,16296.817,281.060,12649.345,6899.990,1565.529,4183.826,3033.178,333.234,296.954,0.000,0.007,36.272,3263.755,3016.290,2654.113,274.146,88.032,247.464,0.000,0.294,0.588,21.550,225.033,19560.571,18962.201,1493.295,331.024,10636.458,97.781,209.505,3460.902,3064.260,585.363,13.007,0.000,0.000
200805,百萬度,21226.594,17725.794,286.958,13780.969,8411.543,974.295,4395.131,3325.113,332.754,299.329,0.000,0.009,33.416,3500.800,3233.317,2929.357,232.293,71.668,267.483,0.000,0.311,0.653,16.952,249.567,21226.589,19622.681,1676.421,343.486,10543.074,94.264,227.401,3895.767,3185.754,1603.193,0.715,0.000,0.000
200806,百萬度,21432.489,17846.726,300.623,13583.256,8025.447,921.733,4636.076,3493.026,469.821,441.779,0.000,0.008,28.033,3585.764,3289.305,2891.565,316.193,81.548,296.458,0.000,0.368,0.300,23.486,272.304,21432.487,21343.659,1685.853,299.836,11513.866,107.001,231.159,4192.112,3613.668,78.442,10.387,0.000,0.000
200807,百萬度,22675.223,19008.936,292.805,14509.698,8346.794,976.760,5186.144,3772.635,433.798,405.052,0.000,0.010,28.736,3666.287,3367.775,2996.120,306.992,64.663,298.511,0.000,0.374,0.317,24.238,273.582,22675.217,19750.100,1695.915,270.884,9929.780,89.421,226.927,4042.712,3765.344,2929.105,-3.988,0.000,0.000
200808,百萬度,22795.612,19431.506,304.750,14775.058,8597.706,1161.940,5015.412,3766.397,585.300,568.700,0.000,0.010,16.590,3364.106,3064.400,2718.962,280.300,65.137,299.707,0.000,0.407,0.200,22.097,277.003,22795.613,20879.488,1680.456,286.494,10263.875,95.447,244.757,4248.793,4346.161,1915.990,0.135,0.000,0.000
200809,百萬度,20638.493,17450.728,268.636,13086.494,7798.414,1054.476,4233.603,3602.970,492.629,462.310,0.000,0.008,30.310,3187.765,2909.521,2547.079,286.720,75.723,278.244,0.000,0.405,0.454,17.956,259.429,20638.492,22148.183,1706.858,267.305,10855.334,109.956,240.292,4647.629,4588.115,-1511.896,2.205,0.000,0.000
200810,百萬度,19976.829,16949.130,289.031,12762.607,7247.490,821.982,4693.135,3336.130,561.362,515.377,0.000,0.009,45.976,3027.699,2772.622,2424.185,286.282,62.154,255.077,0.000,0.406,0.787,20.685,233.200,19976.832,19221.507,1538.769,307.115,9065.005,90.987,229.800,4134.481,4162.464,758.895,-3.570,0.000,0.000
200811,百萬度,17149.289,14525.527,263.125,11088.459,6914.393,588.667,3585.399,2819.789,354.154,273.808,0.000,0.007,80.339,2623.762,2365.089,2084.200,246.470,34.418,258.673,0.000,0.423,1.310,16.038,240.902,17149.284,17331.020,1437.064,327.009,7888.754,87.739,227.917,3843.314,3846.232,-165.404,-16.332,0.000,0.000
200812,百萬度,16511.744,13832.717,260.643,10316.194,6996.884,433.508,2885.802,3009.617,246.262,164.786,0.000,0.008,81.468,2679.027,2400.976,2111.960,265.510,23.506,278.051,0.000,0.609,1.310,22.828,253.304,16511.738,16513.674,1620.074,338.020,8143.718,102.817,183.205,3543.306,2920.554,3.762,-5.698,0.000,0.000
200901,百萬度,15279.446,12689.353,277.308,8353.737,6519.486,442.021,1392.230,3743.945,314.363,219.812,0.000,0.008,94.543,2590.094,2299.587,1998.518,262.498,38.570,290.507,0.000,0.593,0.959,19.523,269.432,15279.445,13763.648,1373.267,364.711,6184.269,73.410,198.716,2916.755,3017.230,1538.270,-22.472,0.000,0.000
200902,百萬度,15397.981,12850.936,253.251,8848.190,6152.818,345.610,2349.762,3464.180,285.314,210.473,0.000,0.007,74.834,2547.045,2290.074,1972.394,276.288,41.392,256.971,0.000,0.642,0.479,13.371,242.479,15397.978,16150.300,1467.810,332.940,7906.352,115.042,200.020,3253.522,3207.554,-753.522,1.200,0.000,0.000
200903,百萬度,17585.925,14768.232,277.622,10883.423,7470.890,481.534,2930.999,3274.375,332.812,259.295,0.000,0.007,73.510,2817.694,2544.706,2218.792,272.032,53.882,272.988,0.000,0.639,0.741,22.170,249.438,17585.924,16527.629,1619.012,366.352,8731.981,91.572,170.502,3067.392,2847.169,1074.666,-16.371,0.000,0.000
200904,百萬度,17737.093,14637.690,283.526,10717.432,7089.407,528.594,3099.432,3222.955,413.777,341.484,0.000,0.009,72.284,3099.403,2866.517,2562.985,249.234,54.298,232.886,0.000,0.687,0.662,14.603,216.934,17737.091,16661.501,1552.911,348.127,8827.248,96.319,202.949,3233.364,2748.709,1072.437,3.153,0.000,0.000
200905,百萬度,19401.724,16229.991,304.612,12308.540,7519.597,517.917,4271.025,3229.114,387.725,354.908,0.000,0.010,32.807,3171.733,2919.425,2635.776,226.496,57.153,252.308,0.000,0.679,0.269,17.220,234.140,19401.723,17037.400,1527.368,356.023,8574.062,83.940,217.990,3500.968,3133.072,2371.867,-7.544,0.000,0.000
200906,百萬度,20611.610,16929.924,288.578,12577.353,7638.481,370.483,4568.389,3693.785,370.208,339.576,0.000,0.009,30.623,3681.686,3403.729,3004.755,339.990,58.983,277.958,0.000,0.716,0.291,14.876,262.074,20611.609,19242.541,1709.243,339.782,10129.632,98.778,212.565,3857.453,3234.870,1370.204,-1.135,0.000,0.000
200907,百萬度,22609.166,18751.982,299.046,14381.793,8068.041,451.618,5862.134,3731.685,339.457,310.304,0.000,0.010,29.143,3857.185,3567.561,3171.919,333.599,62.042,289.624,0.000,0.729,0.274,15.183,273.438,22609.160,20765.259,1753.489,337.225,10512.414,108.265,250.243,4285.934,3854.914,1842.270,1.630,0.000,0.000
200908,百萬度,22280.976,18549.156,279.740,13953.996,8123.382,531.059,5299.555,3761.967,553.454,529.395,0.000,0.006,24.052,3731.819,3440.638,3054.761,321.393,64.484,291.182,0.000,0.780,0.247,14.489,275.665,22280.973,20635.956,1682.670,300.670,9681.016,89.593,254.568,4191.889,4736.220,1648.739,-3.722,0.000,0.000
200909,百萬度,21779.013,18236.772,254.585,13912.088,7773.978,900.933,5237.178,3693.186,376.912,338.597,0.000,0.010,38.305,3542.241,3249.659,2876.857,297.538,75.264,292.582,0.000,0.748,0.558,19.722,271.554,21779.010,21942.901,1682.530,290.075,10491.597,104.038,229.703,4512.865,4922.168,-188.274,24.384,0.000,0.000
200910,百萬度,19976.170,16348.717,268.691,12138.942,7547.317,491.756,4099.869,3396.001,545.084,435.094,0.000,0.009,109.981,3627.453,3363.565,3011.230,286.059,66.276,263.888,0.000,0.895,1.564,24.064,237.365,19976.173,20385.568,1558.142,295.770,9976.734,94.619,234.903,4063.623,4457.548,-361.074,-48.321,0.000,0.000
200911,百萬度,18561.568,15103.570,258.480,11730.327,7078.296,483.426,4168.605,2772.712,342.051,253.663,0.000,0.007,88.380,3457.998,3200.499,2958.359,179.196,62.944,257.499,0.000,0.845,1.106,23.515,232.033,18561.567,18905.926,1545.731,342.443,9349.910,91.500,216.265,3816.926,3885.595,-323.469,-20.890,0.000,0.000
200912,百萬度,18816.504,15205.690,259.666,11093.213,7229.519,581.479,3282.215,3587.224,265.587,155.685,0.000,0.006,109.896,3610.814,3306.419,3037.155,185.394,83.871,304.395,0.000,1.060,1.127,30.616,271.592,18816.505,18696.346,1560.731,344.000,10366.477,102.554,193.575,3450.884,3022.125,121.188,-1.028,0.000,0.000
201001,百萬度,18884.933,15402.529,258.356,11168.767,7089.630,775.691,3303.446,3674.349,301.057,201.436,0.000,0.257,99.364,3482.404,3171.272,2838.774,243.201,89.298,311.132,0.000,1.049,1.281,27.476,281.325,18884.931,17527.425,1483.565,340.068,9404.551,90.848,193.401,3303.293,3051.767,1357.208,0.298,0.000,0.000
201002,百萬度,16496.692,13540.510,256.113,9398.208,6053.168,772.780,2572.260,3498.309,387.880,306.612,0.000,0.235,81.032,2956.182,2679.465,2346.773,248.523,84.169,276.717,0.000,0.994,0.852,22.960,251.911,16496.690,15941.223,1437.696,339.062,8394.565,89.347,169.474,2956.550,2893.590,555.402,0.065,0.000,0.000
201003,百萬度,19678.628,16415.901,272.015,12150.593,6892.503,753.864,4504.226,3609.623,383.670,307.398,0.000,0.338,75.933,3262.727,2976.445,2633.664,251.223,91.558,286.282,0.000,0.997,0.814,23.698,260.773,19678.632,19350.807,1674.479,341.877,10677.793,104.437,209.142,3627.710,3057.246,322.112,5.712,0.000,0.000
201004,百萬度,19228.064,16113.718,247.588,12455.546,6940.375,641.780,4873.391,3047.661,362.923,287.731,0.000,0.310,74.882,3114.346,2851.001,2523.817,256.717,70.467,263.345,0.000,1.288,0.830,21.473,239.753,19228.064,18181.714,1532.794,316.701,10025.301,95.288,195.602,3259.140,3073.589,1046.130,0.219,0.000,0.000
201005,百萬度,21403.510,18031.545,272.249,14005.281,7575.349,745.763,5684.170,3380.536,373.480,332.574,0.000,0.346,40.560,3371.965,3121.764,2768.374,267.925,85.465,250.201,0.000,1.263,0.652,23.580,224.706,21403.509,19326.754,1586.232,301.655,10502.903,94.792,229.798,3755.812,3157.216,2080.536,-3.781,0.000,0.000
201006,百萬度,21304.384,17896.753,277.491,13692.871,7842.711,582.404,5267.757,3262.533,663.858,596.309,0.000,0.297,67.251,3407.631,3111.943,2776.831,250.025,85.087,295.688,0.000,1.409,0.937,23.232,270.110,21304.382,20403.557,1632.351,281.914,11038.902,104.499,214.510,4062.812,3350.484,896.201,4.624,0.000,0.000
201007,百萬度,23944.418,20435.823,269.312,15833.254,8088.255,869.487,6875.512,3816.476,516.781,465.978,0.000,0.406,50.397,3508.594,3196.095,2910.505,216.160,69.430,312.499,0.000,1.439,0.438,23.093,287.529,23944.419,21186.375,1669.821,269.809,10966.115,100.791,250.135,4263.329,3936.183,2764.210,-6.166,0.000,0.000
201008,百萬度,23885.683,20338.191,255.036,15868.260,8215.339,893.929,6758.992,3801.223,413.672,384.310,0.000,0.414,28.948,3547.492,3241.108,2921.022,240.373,79.713,306.384,0.000,1.710,0.170,20.686,283.818,23885.687,21916.229,1731.985,267.311,10937.437,102.244,245.414,4347.546,4551.602,1968.505,0.954,0.000,0.000
201009,百萬度,21838.190,18258.481,239.815,13948.906,7750.617,686.615,5511.673,3663.446,406.315,362.963,0.000,0.316,43.036,3579.709,3289.565,2946.440,259.190,83.935,290.144,0.000,1.779,0.394,21.577,266.395,21838.188,22674.213,1623.943,269.941,11029.593,104.674,260.209,4685.091,4970.703,-830.984,-5.040,0.000,0.000
201010,百萬度,21231.426,17654.518,250.592,13651.892,7631.528,780.373,5239.991,3192.396,559.638,413.691,0.000,0.325,145.622,3576.908,3311.792,2988.956,240.318,82.518,265.116,0.000,1.977,1.379,17.143,244.617,21231.424,20872.592,1515.982,267.390,10429.619,96.966,222.972,4124.349,4482.704,377.721,-18.888,0.000,0.000
201011,百萬度,19350.432,16018.705,229.543,12035.705,7351.264,344.231,4340.209,3248.210,505.248,323.696,0.000,0.304,181.248,3331.726,3069.699,2806.033,198.432,65.235,262.027,0.000,1.874,1.478,21.463,237.213,19350.431,20117.434,1570.962,298.184,10560.418,101.744,220.148,3895.166,3768.995,-780.137,13.134,0.000,0.000
201012,百萬度,19812.512,16324.715,232.889,12318.418,7541.514,407.739,4369.165,3433.928,339.481,211.402,0.000,0.312,127.767,3487.797,3181.575,2950.677,172.718,58.180,306.221,0.000,2.089,1.071,23.658,279.404,19812.510,19908.960,1564.730,310.694,11279.988,110.018,204.739,3616.051,3133.434,-93.491,-2.959,0.000,0.000
201101,百萬度,19879.026,16351.309,235.548,11821.764,6878.885,555.728,4387.151,3817.006,476.990,227.584,0.000,0.227,249.179,3527.717,3207.005,2904.254,220.131,82.620,320.712,0.000,2.199,1.309,24.932,292.273,19879.026,18427.316,1506.475,315.000,10272.828,95.667,194.903,3275.126,3082.317,1472.160,-20.451,0.000,0.000
201102,百萬度,17156.919,13945.386,225.979,9845.244,6139.155,438.736,3267.352,3504.854,369.309,211.900,0.000,0.286,157.124,3211.533,2930.200,2677.909,171.213,81.077,281.333,0.000,2.243,0.978,21.676,256.436,17156.920,16612.814,1318.098,298.714,9020.763,90.475,186.124,2853.688,3143.666,527.559,16.548,0.000,0.000
201103,百萬度,20238.647,16817.413,244.703,12541.034,7542.721,448.691,4549.622,3596.481,435.195,259.029,0.000,0.314,175.851,3421.234,3115.526,2843.422,204.158,67.946,305.708,0.000,2.278,0.852,24.701,277.878,20238.646,20137.487,1635.032,327.366,11601.554,109.679,199.741,3363.379,3228.101,105.929,-4.770,0.000,0.000
201104,百萬度,19656.370,16525.635,242.439,12723.946,7391.453,427.909,4904.584,3248.030,311.220,228.787,0.000,0.402,82.032,3130.735,2877.701,2633.270,180.498,63.933,253.034,0.000,2.532,0.378,19.382,230.741,19656.365,18576.256,1490.595,302.159,10376.725,98.085,209.024,3218.447,3183.380,1076.640,3.470,0.000,0.000
201105,百萬度,21347.983,18292.307,256.938,14498.488,8043.619,678.668,5776.201,3167.649,369.232,312.016,0.000,0.857,56.359,3055.676,2794.925,2532.851,191.358,70.716,260.751,0.000,3.083,0.181,16.563,240.924,21347.980,19989.708,1745.320,303.922,10924.157,104.881,222.835,3787.887,3204.629,1362.691,-4.419,0.000,0.000
201106,百萬度,22765.711,19435.461,248.651,15067.568,8047.760,1089.565,5930.244,3688.607,430.634,371.945,0.000,1.034,57.655,3330.251,3028.551,2783.718,183.262,61.571,301.700,0.000,3.587,0.161,19.772,278.181,22765.709,20955.580,1644.044,274.055,11142.493,112.047,247.330,4176.290,3633.375,1806.080,4.050,0.000,0.000
201107,百萬度,23968.409,20470.849,253.595,15952.338,8245.989,723.712,6982.638,3818.868,446.048,406.595,0.000,1.107,38.345,3497.560,3192.029,2895.706,231.205,65.119,305.531,0.000,4.617,0.161,19.413,281.342,23968.408,21425.151,1673.617,280.773,10930.219,101.989,245.668,4269.508,4204.149,2547.172,-3.915,0.000,0.000
201108,百萬度,24289.370,20891.258,245.605,16669.197,8506.642,926.482,7236.072,3556.536,419.920,378.324,0.000,1.143,40.453,3398.113,3086.935,2841.749,166.518,78.668,311.178,0.000,6.828,0.200,19.168,284.982,24289.371,23079.388,1760.385,278.592,11954.623,118.762,254.459,4478.644,4512.515,1216.720,-6.736,0.000,0.000
201109,百萬度,21970.986,18483.185,236.104,14233.517,7944.687,486.935,5801.895,3599.056,414.508,331.492,0.000,1.055,81.962,3487.802,3180.611,2955.566,162.127,62.919,307.190,0.000,6.023,0.520,16.477,284.170,21970.987,22095.876,1597.070,254.370,10692.561,103.700,265.315,4556.880,4880.351,-121.729,-3.159,0.000,0.000
201110,百萬度,21243.181,17867.294,236.317,13704.557,7568.123,490.317,5646.116,3353.515,572.905,407.271,0.000,0.938,164.696,3375.886,3089.620,2836.993,185.976,66.650,286.267,0.000,9.484,0.411,19.381,256.991,21243.178,21144.848,1605.403,269.985,10570.597,101.335,250.905,4125.130,4491.477,115.525,-17.195,0.000,0.000
201111,百萬度,19956.468,16796.067,232.876,12590.650,7346.028,613.787,4630.834,3345.700,626.841,485.399,0.000,0.635,140.807,3160.401,2899.125,2708.093,134.652,56.380,261.276,0.000,4.730,0.334,17.870,238.342,19956.467,20782.678,1554.324,282.170,10994.295,109.188,233.888,4131.894,3759.087,-824.866,-1.344,0.000,0.000
201112,百萬度,19693.955,16471.081,243.353,12185.752,7467.271,427.145,4291.336,3420.188,621.788,379.385,0.000,0.646,241.758,3222.874,2925.082,2749.999,131.177,43.906,297.792,0.000,5.375,0.973,16.753,274.691,19693.956,18859.151,1512.310,314.234,10402.321,100.515,215.872,3532.773,3095.359,864.765,-29.960,0.000,0.000
201201,百萬度,18553.279,15695.466,264.345,10971.076,6672.015,415.984,3883.077,3824.674,635.371,403.944,0.000,0.926,230.501,2857.813,2540.526,2344.380,131.211,64.935,317.287,0.000,4.566,1.413,21.397,289.911,18553.282,18542.287,1499.371,309.589,10187.877,113.861,188.420,3474.214,3078.544,22.707,-11.712,0.000,0.000
201202,百萬度,18585.468,15843.039,224.352,11432.582,6535.456,326.261,4570.866,3643.273,542.832,373.824,0.000,0.892,168.115,2742.429,2440.821,2229.338,145.927,65.557,301.608,0.000,10.007,1.561,23.535,266.504,18585.466,16519.480,1346.200,257.875,8807.211,80.060,204.231,2876.069,3205.708,2095.659,-29.673,0.000,0.000
201203,百萬度,20272.034,17313.565,241.426,12990.918,7944.721,380.542,4665.655,3493.343,587.878,424.395,0.000,1.241,162.242,2958.468,2672.511,2436.695,170.154,65.663,285.957,0.000,10.066,0.945,22.767,252.179,20272.036,20404.777,1574.902,274.698,11641.760,117.543,203.852,3492.797,3373.923,-135.699,2.958,0.000,0.000
201204,百萬度,20326.091,17450.038,228.278,13928.479,7762.571,745.475,5420.433,2834.050,459.231,406.948,0.000,1.047,51.236,2876.053,2622.475,2400.478,160.614,61.383,253.577,0.000,12.595,0.322,19.300,221.360,20326.091,19147.616,1593.591,259.928,10561.450,102.793,221.181,3444.696,3223.906,1182.770,-4.295,0.000,0.000
201205,百萬度,21911.756,18950.389,239.197,15585.111,8020.466,889.310,6675.335,2413.049,713.033,640.885,0.000,1.246,70.901,2961.368,2690.316,2484.092,133.081,73.143,271.052,0.000,11.817,0.492,20.818,237.924,21911.758,21211.783,1645.925,228.303,11846.131,116.016,225.469,4063.993,3314.249,705.337,-5.361,0.000,0.000
201206,百萬度,21737.198,18602.785,230.978,14570.488,8135.381,478.653,5956.454,3050.070,751.250,662.015,0.000,1.008,88.227,3134.412,2829.904,2588.557,178.788,62.559,304.509,0.000,15.605,0.470,20.322,268.112,21737.198,19990.195,1545.580,237.681,10597.861,101.129,234.309,3865.583,3645.733,1744.796,2.207,0.000,0.000
201207,百萬度,24216.751,20522.997,257.042,15914.754,8430.542,534.274,6949.938,3744.278,606.923,559.986,0.000,1.371,45.567,3693.754,3373.973,3100.853,213.000,60.119,319.781,0.000,11.486,0.302,20.514,287.479,24216.755,21985.031,1730.965,270.258,11553.666,114.255,241.030,4366.615,3978.500,2243.104,-11.381,0.000,0.000
201208,百萬度,23062.136,19390.727,259.514,14624.997,8144.331,357.954,6122.713,3704.402,801.813,721.174,0.000,1.044,79.595,3671.409,3350.991,3068.404,222.893,59.694,320.418,0.000,13.456,0.330,16.004,290.627,23062.136,22467.840,1646.199,233.329,11593.072,113.965,260.386,4417.677,4436.542,593.800,0.496,0.000,0.000
201209,百萬度,21647.160,18118.468,240.573,13656.551,7419.424,314.678,5922.449,3736.349,484.995,416.563,0.000,1.314,67.118,3528.692,3216.881,2972.006,187.110,57.765,311.811,0.000,13.027,0.566,17.297,280.921,21647.155,21376.524,1479.577,264.438,10514.033,104.036,243.143,4354.373,4681.362,299.760,-29.129,0.000,0.000
201210,百萬度,20909.546,17767.015,243.702,13483.847,7710.658,414.107,5359.082,3521.195,518.271,335.867,0.000,1.238,181.166,3142.531,2854.154,2621.480,171.812,60.862,288.377,0.000,16.632,0.967,20.797,249.981,20909.547,21753.544,1654.829,304.344,11600.972,112.974,242.337,4111.273,4031.160,-840.938,-3.058,0.000,0.000
201211,百萬度,19603.222,16650.807,252.556,12775.083,7472.939,451.543,4850.601,3252.144,371.023,266.408,0.000,0.957,103.659,2952.416,2675.363,2500.815,105.360,69.188,277.053,0.000,15.434,0.466,19.712,241.441,19603.220,19882.329,1514.752,302.552,10621.395,103.629,237.952,3889.761,3514.840,-274.300,-4.809,0.000,0.000
201212,百萬度,19548.782,16503.824,254.938,12428.959,6932.235,351.061,5145.663,3204.903,615.024,457.548,0.000,0.924,156.551,3044.958,2721.935,2523.499,129.627,68.809,323.023,0.000,11.969,0.756,19.000,291.298,19548.782,17830.203,1409.948,288.152,9995.605,94.415,205.564,3377.514,2747.156,1723.342,-4.764,0.000,0.000
201301,百萬度,19781.899,16525.460,258.247,11810.049,6553.035,394.299,4862.715,3924.261,532.903,299.035,0.000,0.996,232.871,3256.439,2925.796,2737.951,124.383,63.461,330.644,0.000,12.322,1.186,24.448,292.687,19781.899,19720.674,1558.359,316.662,11381.385,123.846,201.366,3441.319,3014.400,63.217,-1.992,0.000,0.000
201302,百萬度,16859.264,13951.890,252.920,10094.416,5964.518,309.781,3820.117,3178.286,426.267,247.017,0.000,0.990,178.260,2907.374,2607.412,2443.255,112.504,51.653,299.963,0.000,14.331,1.195,17.133,267.304,16859.260,16194.251,1265.680,295.464,8853.835,86.407,190.020,2875.068,2923.241,666.990,-1.980,0.000,0.000
201303,百萬度,20164.082,16809.481,251.716,12726.040,6745.776,395.362,5584.902,3436.338,395.388,265.768,0.000,1.204,128.416,3354.601,3049.335,2871.300,123.955,54.081,305.266,0.000,20.275,0.857,20.573,263.560,20164.083,19043.116,1482.914,321.169,10782.816,103.956,216.159,3350.096,3107.174,1123.374,-2.407,0.000,0.000
201304,百萬度,19660.890,16575.254,270.091,12414.084,6925.508,339.364,5149.211,3292.729,598.350,505.526,0.000,1.183,91.640,3085.636,2825.982,2658.907,115.341,51.733,259.654,0.000,19.674,0.657,19.897,219.425,19660.893,19100.371,1540.300,282.145,10928.500,106.436,206.201,3316.288,3002.645,562.888,-2.366,0.000,0.000
201305,百萬度,21904.970,18375.547,291.745,13801.213,7206.945,549.244,6045.024,3427.085,855.504,798.184,0.000,1.396,55.924,3529.423,3242.211,3052.862,131.493,57.857,287.212,0.000,20.121,0.259,19.592,247.239,21904.967,20583.895,1575.003,288.213,11558.686,110.763,230.047,3936.914,3172.482,1323.864,-2.792,0.000,0.000
201306,百萬度,22807.288,19271.282,276.652,15240.612,7351.716,885.122,7003.775,3163.824,590.195,524.706,0.000,1.533,63.955,3536.006,3222.454,3029.169,132.157,61.128,313.552,0.000,18.501,0.328,16.526,278.197,22807.286,21524.579,1493.425,283.954,11871.931,115.826,234.808,4125.206,3683.382,1285.775,-3.067,0.000,0.000
201307,百萬度,24096.076,20318.746,273.538,15742.434,8162.938,609.978,6969.518,3713.134,589.641,544.824,0.000,2.173,42.644,3777.330,3437.516,3222.872,154.490,60.154,339.814,0.000,33.994,0.101,11.547,294.172,24096.073,22738.801,1741.693,284.687,11752.680,115.208,272.192,4515.853,4341.175,1360.572,-3.299,0.000,0.000
201308,百萬度,24104.705,20301.288,273.890,15593.695,8076.448,504.022,7013.226,3857.316,576.387,519.038,0.000,2.803,54.547,3803.417,3461.780,3254.420,165.179,42.181,341.637,0.000,27.694,0.197,18.500,295.246,24104.707,23053.044,1627.004,289.645,11852.358,114.061,262.550,4448.104,4748.968,1054.983,-3.320,0.000,0.000
201309,百萬度,21868.323,18422.969,274.876,13688.923,7712.705,399.817,5576.401,3673.486,785.683,668.233,0.000,3.024,114.426,3445.355,3117.208,2944.249,127.687,45.272,328.147,0.000,25.894,0.197,17.041,285.015,21868.323,22302.170,1578.187,265.854,11059.408,115.448,257.968,4504.226,4786.934,-430.183,-3.664,0.000,0.000
201310,百萬度,21251.865,17940.334,266.754,13444.423,7584.003,304.535,5555.886,3505.894,723.262,477.910,0.000,3.056,242.296,3311.532,3004.140,2841.372,110.661,52.107,307.392,0.000,30.571,1.058,19.755,256.009,21251.863,21576.024,1570.860,301.518,11345.621,113.465,240.939,4091.364,4213.774,-320.607,-3.554,0.000,0.000
201311,百萬度,19894.492,16613.614,247.604,12753.907,7245.288,290.463,5218.156,3123.495,488.608,308.656,0.000,2.203,177.749,3280.877,2975.082,2812.592,115.764,46.726,305.795,0.000,35.644,0.923,20.478,248.751,19894.490,20315.549,1501.436,321.326,10899.127,106.483,233.709,3902.240,3672.555,-418.410,-2.649,0.000,0.000
201312,百萬度,19946.971,16703.902,249.054,12596.190,7361.782,293.268,4941.140,3343.512,515.146,263.993,0.000,2.011,249.141,3243.069,2884.246,2711.930,109.777,62.538,358.824,0.000,39.503,1.178,20.075,298.067,19946.969,18970.925,1470.935,327.479,10928.540,111.086,205.262,3349.060,2906.042,978.469,-2.425,0.000,0.000
201401,百萬度,19770.431,16403.736,262.509,11937.115,7153.744,299.735,4483.635,3811.304,392.808,203.786,0.000,3.075,185.946,3366.695,3011.953,2833.526,117.620,60.807,354.742,0.000,21.041,0.962,24.861,307.878,19770.433,19274.214,1540.347,333.904,10929.575,112.548,207.018,3348.704,3136.022,499.733,-3.515,0.000,0.000
201402,百萬度,17664.547,14602.019,249.280,10354.982,6485.942,298.211,3570.829,3567.254,430.503,267.803,0.000,2.592,160.108,3062.528,2758.990,2581.294,126.752,50.945,303.538,0.000,25.359,0.766,22.763,254.650,17664.544,17553.512,1318.442,295.930,9735.036,109.158,199.760,2972.134,3218.982,114.013,-2.981,0.000,0.000
201403,百萬度,20375.828,16777.354,273.670,12684.723,7175.714,327.804,5181.205,3333.746,485.214,349.246,0.000,2.710,133.259,3598.475,3267.822,3056.399,155.338,56.085,330.652,0.000,26.581,0.495,25.743,277.832,20375.830,19333.525,1521.335,319.733,11205.686,108.780,189.586,3206.395,3101.742,1045.386,-3.080,0.000,0.000
201404,百萬度,20458.441,16863.151,250.309,13427.253,7177.472,446.291,5803.491,2822.818,362.771,270.152,0.000,3.215,89.404,3595.290,3276.614,3117.839,99.253,59.521,318.676,0.000,47.635,0.373,19.515,251.152,20458.441,19397.954,1532.683,289.989,11192.186,108.002,212.450,3370.162,2982.472,1064.222,-3.735,0.000,0.000
201405,百萬度,22306.831,18813.479,267.629,14620.059,7449.227,528.364,6642.469,3206.184,719.606,658.269,0.000,2.670,58.666,3493.353,3176.825,3018.751,103.551,54.523,316.528,0.000,48.684,0.228,20.068,247.548,22306.832,20938.493,1588.609,300.065,11872.335,109.271,232.449,3918.482,3217.347,1423.350,-55.012,0.000,0.000
201406,百萬度,23080.325,19348.779,269.916,14800.548,7496.717,533.640,6770.190,3562.675,715.641,624.402,0.000,3.299,87.941,3731.546,3398.341,3241.629,112.306,44.405,333.205,0.000,38.013,0.269,17.562,277.361,23080.327,21363.166,1616.810,281.077,11608.132,113.638,244.133,4101.505,3678.948,1720.951,-3.790,0.000,0.000
201407,百萬度,25467.151,21593.020,280.341,16777.603,8010.358,948.320,7818.926,3890.222,644.853,569.954,0.000,4.428,70.472,3874.131,3520.580,3361.558,108.474,50.548,353.552,0.000,50.118,0.273,21.712,281.448,25467.151,22878.648,1707.434,288.804,12244.253,116.250,256.797,4438.428,4115.485,2592.841,-4.338,0.000,0.000
201408,百萬度,24693.779,20814.859,267.336,16150.889,8168.031,815.037,7167.820,3889.434,507.200,455.506,0.000,4.536,47.158,3878.920,3512.042,3315.771,144.951,51.319,366.878,0.000,45.392,0.220,17.882,303.385,24693.783,23622.057,1655.424,301.050,12110.486,125.831,293.298,4600.354,4836.664,1076.488,-4.762,0.000,0.000
201409,百萬度,23889.435,20135.131,259.756,16097.354,7604.487,1048.436,7444.431,3450.312,327.709,274.639,0.000,4.473,48.597,3754.304,3392.709,3230.724,116.040,45.945,361.594,0.000,41.833,0.249,17.423,302.088,23889.436,23681.804,1703.825,313.667,11609.420,121.597,269.191,4719.161,5258.609,212.530,-4.898,0.000,0.000
201410,百萬度,21791.921,18273.259,250.151,14093.288,6937.870,484.158,6671.260,3446.115,483.705,283.720,0.000,5.005,194.981,3518.662,3180.124,3038.790,102.752,38.582,338.538,0.000,53.379,0.540,18.615,266.005,21791.916,22591.710,1554.185,304.953,11729.516,120.728,265.979,4293.863,4627.440,-794.870,-4.924,0.000,0.000
201411,百萬度,20097.321,16884.975,242.844,12479.764,6679.018,327.529,5473.217,3808.676,353.691,187.759,0.000,3.775,162.157,3212.345,2882.232,2735.804,108.150,38.278,330.113,0.000,50.460,1.042,21.837,256.775,20097.323,20993.237,1449.781,305.371,11085.013,113.285,254.045,4067.722,4023.391,-892.205,-3.709,0.000,0.000
201412,百萬度,20367.923,17211.513,247.429,12933.429,6935.775,545.989,5451.666,3600.235,430.420,172.627,0.000,3.021,254.772,3156.410,2796.171,2643.763,112.369,40.039,360.239,0.000,37.469,1.606,21.799,299.365,20367.920,19472.065,1652.088,335.211,11092.875,114.123,208.229,3420.912,2983.838,897.366,-1.510,0.000,0.000
201501,百萬度,20008.334,16752.711,248.593,12632.686,7050.746,358.406,5223.534,3474.366,397.066,176.334,0.000,4.560,216.172,3255.623,2876.111,2697.783,132.071,46.257,379.513,0.000,33.343,1.549,25.643,318.977,20008.338,19532.532,1539.047,328.613,11035.534,112.119,223.596,3455.674,3166.563,477.851,-2.045,0.000,0.000
201502,百萬度,17343.466,14414.145,233.050,10699.797,5803.018,495.853,4400.926,3129.473,351.825,204.271,0.000,4.240,143.314,2929.321,2564.956,2419.248,104.230,41.478,364.365,0.000,53.152,1.007,18.746,291.460,17343.461,17028.607,1341.773,302.781,9418.430,111.967,187.986,2916.611,3051.840,316.726,-1.872,0.000,0.000
201503,百萬度,20528.915,17130.230,241.244,13223.014,6788.317,710.881,5723.816,3285.078,380.893,238.726,0.000,4.361,137.807,3398.685,3034.357,2886.453,100.160,47.743,364.328,0.000,43.032,0.977,22.376,297.943,20528.911,19641.696,1541.021,309.024,11243.434,110.387,219.645,3408.760,3118.449,889.244,-2.029,0.000,0.000
201504,百萬度,20460.968,17314.715,230.560,14188.169,6950.327,804.802,6433.040,2574.142,321.843,196.475,0.000,5.466,119.902,3146.253,2802.378,2659.655,101.371,41.352,343.876,0.000,66.245,0.734,22.053,254.844,20460.969,19568.884,1521.831,294.304,11105.957,116.250,220.644,3452.222,3151.980,894.584,-2.499,0.000,0.000
201505,百萬度,22531.312,19199.556,272.235,16215.998,6897.032,1455.656,7863.310,2317.961,393.362,317.289,0.000,4.428,71.645,3331.756,2980.722,2824.081,119.586,37.055,351.033,0.000,75.350,0.447,21.743,253.494,22531.307,21059.681,1656.706,342.681,11701.469,118.838,253.762,4026.207,3302.699,1474.296,-2.670,0.000,0.000
201506,百萬度,24096.941,20543.201,268.859,16431.223,7388.356,1170.757,7872.110,3298.273,544.845,461.864,0.000,5.780,77.201,3553.740,3148.567,2989.719,117.552,41.296,405.173,0.000,93.245,0.193,20.345,291.390,24096.939,21322.342,1641.139,305.262,11516.040,122.892,242.545,4191.346,3608.380,2768.700,5.898,0.000,0.000
201507,百萬度,24722.977,21155.695,271.394,17037.465,7685.076,1231.168,8121.220,3414.020,432.816,327.285,0.000,5.043,100.488,3567.283,3150.396,2995.294,120.769,34.333,416.887,0.000,72.330,0.361,21.379,322.817,24722.974,23476.962,1700.496,304.919,12000.835,122.700,301.176,4713.773,4637.983,1248.417,-2.405,0.000,0.000
201508,百萬度,23604.179,19972.261,267.368,15559.699,7498.166,878.273,7183.260,3302.474,842.719,776.365,0.000,3.989,62.366,3631.918,3211.589,3054.416,118.169,39.004,420.329,0.000,93.244,0.180,14.422,312.483,23604.177,23487.595,1805.119,293.598,11690.877,123.400,275.061,4503.524,5089.614,118.426,-1.843,0.000,0.000
201509,百萬度,22029.571,18529.377,270.791,14200.595,6976.835,510.639,6713.121,3252.517,805.474,714.595,0.000,4.842,86.038,3500.194,3127.066,2991.506,108.337,27.223,373.128,0.000,59.488,0.488,20.796,292.356,22029.566,22517.833,1649.867,290.283,11239.273,115.800,258.362,4513.086,4741.445,-486.004,-2.264,0.000,0.000
201510,百萬度,22009.032,18664.275,251.397,14264.563,6464.318,774.996,7025.249,3437.257,711.058,558.510,0.000,4.556,147.993,3344.757,2998.195,2877.526,93.949,26.720,346.562,0.000,72.235,1.111,20.589,252.626,22009.030,21937.419,1567.267,308.222,11529.795,115.001,262.433,4269.924,4192.999,73.990,-2.379,0.000,0.000
201511,百萬度,20529.062,17357.244,236.092,13866.969,6709.973,1076.708,6080.288,2803.412,450.771,318.159,0.000,3.953,128.659,3171.818,2844.418,2719.534,87.167,37.717,327.400,0.000,73.785,0.929,18.043,234.642,20529.062,20710.392,1484.401,307.570,10956.204,117.336,245.690,4095.970,3810.791,-180.326,-1.003,0.000,0.000
201512,百萬度,20277.153,16963.550,243.373,14129.793,6999.274,1219.649,5910.870,2182.146,408.238,180.274,0.000,3.855,224.109,3313.603,2971.053,2837.436,95.528,38.089,342.550,0.000,59.746,1.567,20.071,261.165,20277.153,19735.339,1541.527,338.221,11262.589,119.736,226.183,3577.444,3007.862,550.849,-9.036,0.000,0.000
201601,百萬度,20071.935,16871.651,246.565,12886.050,6515.611,583.808,5786.631,3058.042,680.995,464.152,0.000,3.247,213.596,3200.284,2821.654,2674.110,118.862,28.682,378.630,0.000,61.939,1.499,16.765,298.426,20071.932,19171.057,1434.581,289.367,10830.789,113.297,212.280,3461.402,3118.708,904.133,-3.257,0.000,0.000
201602,百萬度,17703.507,14660.167,241.324,10410.458,5625.769,449.846,4334.843,3241.737,766.648,554.475,0.000,4.280,207.892,3043.340,2692.748,2542.963,123.895,25.891,350.592,0.000,43.504,1.210,16.226,289.652,17703.507,17002.828,1251.973,278.251,9498.572,112.807,191.807,2896.728,3050.941,659.241,41.437,0.000,0.000
201603,百萬度,20485.205,17332.835,258.671,12730.523,7329.382,332.372,5068.769,3366.039,977.602,837.772,0.000,4.050,135.780,3152.370,2779.571,2642.820,112.491,24.260,372.799,0.000,56.205,0.688,19.688,296.218,20485.204,19617.960,1510.735,299.687,11158.762,113.450,211.898,3310.907,3312.208,870.273,-3.029,0.000,0.000
201604,百萬度,20702.641,17795.144,261.331,13783.774,7150.428,549.297,6084.049,2861.817,888.222,826.875,0.000,4.936,56.412,2907.497,2575.051,2445.063,106.902,23.086,332.446,0.000,74.640,0.280,20.375,237.151,20702.639,19706.853,1471.237,251.273,11183.863,114.674,210.802,3462.745,3263.532,998.642,-2.856,0.000,0.000
201605,百萬度,23146.672,19988.755,285.404,16397.364,7564.680,999.365,7833.320,2684.934,621.052,548.741,0.000,5.863,66.448,3157.917,2793.654,2644.324,116.959,32.370,364.263,0.000,80.895,0.253,15.866,267.249,23146.673,21493.903,1622.169,297.903,11859.915,118.460,248.743,4145.368,3499.247,1656.126,-3.356,0.000,0.000
201606,百萬度,23957.368,20496.435,271.464,16973.384,7926.912,1096.362,7950.111,2590.551,661.036,582.646,0.000,5.615,72.775,3460.934,3024.425,2865.386,128.557,30.483,436.508,0.000,125.126,0.430,19.288,291.665,23957.366,22155.199,1648.303,295.624,11681.960,120.099,260.960,4318.622,4125.256,1805.805,-3.638,0.000,0.000
201607,百萬度,25294.618,21507.629,297.433,17894.495,8256.408,1092.089,8545.998,2623.417,692.283,614.210,0.000,6.277,71.796,3786.989,3350.473,3185.514,128.635,36.324,436.516,0.000,108.854,0.287,15.377,311.997,25294.613,23587.249,1725.196,322.956,12185.619,127.121,285.227,4640.086,4624.000,1711.149,-3.785,0.000,0.000
201608,百萬度,25142.322,21427.046,293.118,18023.425,8097.434,1165.173,8760.818,2668.213,442.290,403.119,0.000,5.699,33.471,3715.276,3275.110,3107.645,123.473,43.992,440.166,0.000,110.530,0.172,13.033,316.431,25142.327,24048.263,1756.596,361.127,12107.826,128.762,290.035,4675.613,5089.431,1097.815,-3.750,0.000,0.000
201609,百萬度,22359.315,18846.010,255.467,15501.280,7735.495,706.202,7059.583,2410.308,678.956,574.245,0.000,4.585,100.126,3513.304,3088.370,2921.617,128.535,38.217,424.934,0.000,115.871,0.460,16.414,292.189,22359.312,23268.788,1625.673,313.151,11315.326,119.218,277.379,4675.777,5255.415,-901.595,-7.882,0.000,0.000
201610,百萬度,23312.272,20064.415,329.579,16727.916,7625.308,1382.140,7720.468,2161.745,845.174,725.541,0.000,5.300,114.333,3247.857,2893.423,2735.508,121.508,36.408,354.434,0.000,86.584,0.470,17.860,249.519,23312.273,22930.638,1692.872,375.355,11938.769,120.958,253.614,4391.808,4532.618,384.996,-3.361,0.000,0.000
201611,百萬度,20942.658,17973.216,283.785,15190.940,7295.882,1245.332,6649.725,2081.942,416.549,253.532,0.000,4.454,158.563,2969.442,2628.559,2478.882,114.259,35.418,340.883,0.000,78.514,0.923,17.114,244.332,20942.659,21695.017,1582.415,347.979,11416.897,118.008,248.529,4191.514,4137.654,-748.953,-3.405,0.000,0.000
201612,百萬度,20989.156,17608.320,269.524,15026.205,7058.351,845.938,7121.915,1912.618,399.973,176.733,0.000,4.889,218.352,3380.836,2953.669,2807.590,117.032,29.046,427.167,0.000,107.147,0.884,17.412,301.724,20989.152,20742.296,1592.954,358.971,11711.710,117.300,231.452,3767.948,3320.932,246.931,-0.076,0.000,0.000
201701,百萬度,20075.428,16844.616,269.689,14265.281,7066.934,759.203,6439.144,1889.489,420.157,190.453,0.000,6.580,223.123,3230.812,2817.147,2683.876,101.536,31.735,413.665,0.000,76.414,1.081,18.223,317.946,20075.423,19613.936,1491.069,356.041,11032.820,119.522,214.441,3561.778,3194.306,412.189,49.299,0.000,0.000
201702,百萬度,18481.723,15523.673,228.929,13057.641,6931.585,818.017,5308.039,1760.018,477.085,262.570,0.000,6.484,208.031,2958.050,2582.678,2470.714,83.474,28.490,375.372,0.000,89.291,0.926,17.017,268.139,18481.720,18314.920,1371.834,300.850,10294.531,111.610,215.781,3149.359,3171.805,160.322,6.479,0.000,0.000
201703,百萬度,21092.886,18007.594,254.846,15321.019,8172.303,769.649,6379.067,1946.698,485.032,332.015,0.000,7.389,145.628,3085.292,2678.138,2559.146,79.774,39.218,407.154,0.000,105.513,0.705,15.460,285.476,21092.885,20189.295,1592.659,341.817,11626.009,122.165,211.487,3387.862,3249.113,905.662,-2.072,0.000,0.000
201704,百萬度,20747.342,17808.702,272.835,15797.552,8455.833,1134.429,6207.290,1300.292,438.023,329.372,0.000,8.222,100.428,2938.640,2558.794,2430.305,81.429,47.059,379.846,0.000,129.574,0.549,9.497,240.225,20747.339,20002.047,1603.797,342.742,11312.297,122.433,235.327,3521.547,3206.646,747.443,-2.151,0.000,0.000
201705,百萬度,23035.787,19839.312,280.500,17834.727,8576.951,1126.994,8130.782,1083.267,640.819,567.075,0.000,8.647,65.097,3196.475,2766.876,2647.219,95.202,24.455,429.599,0.000,141.599,0.268,16.933,270.799,23035.788,21552.123,1662.499,296.245,12064.877,127.779,246.195,4028.008,3422.766,1485.933,-2.268,0.000,0.000
201706,百萬度,24000.305,20632.182,257.331,17723.765,8690.963,796.077,8236.726,1499.278,1151.808,1067.642,0.000,8.103,76.063,3368.123,2926.244,2781.495,101.561,43.188,441.879,0.000,148.641,0.253,15.172,277.814,24000.310,21960.178,1761.909,329.832,11953.439,125.371,258.017,4186.589,3674.853,2042.205,-2.074,0.000,0.000
201707,百萬度,25705.982,22108.404,298.838,18958.276,8816.178,1083.257,9058.841,2105.131,746.159,701.398,0.000,9.350,35.411,3597.578,3121.513,2967.814,104.394,49.305,476.065,0.000,162.283,0.132,15.595,298.055,25705.977,23696.392,1799.218,342.207,12493.983,129.719,286.576,4607.261,4379.635,2011.982,-2.397,0.000,0.000
201708,百萬度,26358.924,22704.864,338.768,19509.162,8562.615,1448.759,9497.788,2205.770,651.165,572.228,0.000,9.669,69.267,3654.060,3174.784,3015.909,102.245,56.629,479.276,0.000,165.640,0.379,11.932,301.326,26358.927,24380.174,1856.370,398.591,12625.744,135.565,284.286,4621.390,4856.820,1981.211,-2.458,0.000,0.000
201709,百萬度,24826.692,21259.481,317.733,18433.120,8203.374,1144.099,9085.646,2120.570,388.059,334.963,0.000,9.060,44.036,3567.211,3111.969,2962.089,101.049,48.831,455.241,0.000,147.563,0.227,15.649,291.803,24826.691,24303.045,1792.328,398.591,12090.037,126.844,283.763,4777.934,5232.139,524.630,-0.984,0.000,0.000
201710,百萬度,23480.214,20243.488,297.951,17058.962,8204.082,1132.418,7722.462,2199.612,686.963,435.014,0.000,8.148,243.801,3236.726,2823.278,2696.188,89.671,37.418,413.448,0.000,151.192,1.373,16.114,244.769,23480.213,24066.114,1738.276,393.351,12194.330,130.181,303.674,4572.936,5126.718,-583.821,-2.080,0.000,0.000
201711,百萬度,21371.155,18456.576,271.918,15454.648,7355.053,696.245,7403.351,2144.605,585.405,348.581,0.000,6.221,230.602,2914.579,2515.042,2400.477,76.643,37.922,399.537,0.000,136.235,1.097,16.577,245.630,21371.155,22474.031,1614.401,351.052,11698.828,121.579,259.148,4213.286,4566.790,-1099.719,-3.156,0.000,0.000
201712,百萬度,21079.983,17982.073,244.339,14962.877,6784.050,686.184,7492.643,2190.802,584.056,305.502,0.000,6.039,272.515,3097.910,2658.290,2538.055,98.238,21.997,439.619,0.000,119.597,1.467,19.532,299.023,21079.977,20842.393,1568.245,326.786,11724.588,121.863,238.287,3662.361,3527.048,239.265,-1.681,0.000,0.000
201801,百萬度,21430.123,18081.757,245.560,14887.946,7092.126,549.032,7246.789,2226.158,722.092,491.072,0.000,6.337,224.683,3348.366,2886.457,2745.669,106.170,34.618,461.909,0.000,105.724,1.311,19.056,335.818,21430.119,20695.097,1475.312,327.402,12188.596,119.150,211.795,3403.765,3296.479,770.304,-35.282,24331.569,28426.638
201802,百萬度,18588.303,15484.753,242.889,12550.390,5948.864,519.729,6081.797,2004.853,686.622,471.924,0.000,5.967,208.731,3103.550,2679.798,2541.488,109.413,28.897,423.752,0.000,111.329,1.236,10.769,300.418,18588.306,18072.799,1299.080,297.655,10413.649,111.369,194.863,2863.593,3190.245,520.425,-4.918,23173.471,28737.374
201803,百萬度,21746.288,18327.865,255.081,15328.019,6769.191,691.824,7867.004,2225.543,519.222,379.173,0.000,9.732,130.316,3418.423,2934.593,2773.683,119.731,41.179,483.831,0.000,167.794,0.574,19.152,296.311,21746.292,21128.098,1508.065,309.609,12295.904,124.614,220.412,3495.491,3483.612,599.309,18.885,24624.184,29159.719
201804,百萬度,21535.140,18032.526,263.867,15908.022,7393.407,682.329,7832.286,1482.959,377.678,302.505,0.000,9.010,66.164,3502.614,3039.501,2873.166,129.914,36.421,463.113,0.000,200.607,0.415,14.320,247.771,21535.142,20919.668,1519.899,337.481,12077.552,125.916,230.177,3535.819,3430.304,642.546,-27.072,25179.936,31305.050
201805,百萬度,25063.989,21082.196,307.298,18591.130,8971.850,915.236,8704.044,1812.509,371.259,291.771,0.000,10.479,69.009,3981.794,3454.940,3283.633,131.666,39.642,526.854,0.000,235.426,0.338,14.326,276.765,25063.988,22776.894,1716.532,384.043,13120.269,131.200,249.634,4132.324,3426.936,2332.511,-45.417,28706.088,36319.996
201806,百萬度,24600.704,20665.789,273.722,17457.743,8774.785,706.228,7976.730,2565.615,368.710,265.271,0.000,9.128,94.310,3934.915,3356.764,3191.084,128.739,36.941,578.151,0.000,262.182,0.489,15.644,299.836,24600.706,22867.008,1676.596,360.380,12620.125,128.228,277.093,4279.499,3885.467,1757.855,-24.156,29142.494,36074.732
201807,百萬度,24919.743,20933.489,325.955,17250.567,8511.031,509.873,8229.663,2873.690,483.276,396.375,0.000,13.523,73.379,3986.255,3415.206,3249.472,118.241,47.493,571.049,0.001,242.345,0.285,16.669,311.749,24919.740,24636.526,1811.982,361.375,13117.124,132.746,275.029,4570.823,4728.821,1406.252,-1123.037,29932.596,36716.838
201808,百萬度,25975.495,22082.236,301.665,18414.504,9423.980,501.338,8489.185,2932.900,433.168,378.448,0.000,8.547,46.173,3893.259,3274.370,3109.924,121.755,42.690,618.889,0.001,285.771,0.148,11.727,321.242,25975.501,24914.490,1756.872,356.159,13237.047,132.572,286.848,4546.387,4954.765,1085.215,-24.204,29819.593,37056.902
201809,百萬度,24250.133,20507.814,303.732,16675.213,8972.415,399.226,7303.572,2838.049,690.820,549.590,0.000,9.969,131.262,3742.319,3155.607,2997.472,118.802,39.333,586.712,0.000,260.001,0.534,14.708,311.469,24250.132,24444.135,1653.338,335.670,12686.897,127.525,272.629,4569.332,5134.414,-174.499,-19.504,28557.916,35189.264
201810,百萬度,22882.738,19250.587,292.088,15825.498,8131.370,329.035,7365.093,2446.793,686.208,454.100,0.000,10.110,221.998,3632.151,3063.105,2907.108,113.398,42.599,569.047,0.000,265.276,1.277,16.638,285.857,22882.739,23385.081,1628.671,365.394,12735.284,127.368,259.848,4155.790,4478.122,-482.676,-19.667,25935.531,31193.550
201811,百萬度,22916.840,19418.323,278.103,16547.981,8428.704,423.295,7695.982,2131.602,460.638,311.019,0.000,7.784,141.834,3498.516,2969.791,2825.612,105.010,39.169,528.725,0.000,239.068,0.982,15.394,273.281,22916.841,21949.041,1541.887,354.732,12256.699,126.707,244.403,3930.946,3848.400,-117.380,1085.180,25528.790,31127.300
201812,百萬度,21635.711,18108.380,280.814,15214.532,7554.463,523.491,7136.578,2137.642,475.393,190.338,0.000,15.685,269.370,3527.331,2961.713,2791.482,118.959,51.272,565.618,0.000,220.287,22.367,16.877,306.087,21635.710,20775.691,1585.641,365.409,12212.368,130.942,238.097,3593.360,3015.283,860.581,-0.561,24360.181,29790.762
201901,百萬度,21526.727,18063.956,266.444,14606.048,6785.786,395.430,7424.831,2708.731,482.734,246.155,0.000,15.026,221.553,3462.771,2920.070,2769.734,102.682,47.655,542.701,0.000,185.862,1.401,20.498,334.939,21526.726,20846.880,1534.303,354.807,12200.980,127.567,218.993,3494.830,3270.206,728.858,-49.012,24368.768,28436.662
201902,百萬度,18442.733,15203.122,243.313,11845.800,5733.617,316.360,5795.823,2695.525,418.485,235.942,0.000,18.188,164.355,3239.611,2704.857,2561.136,110.962,32.759,534.753,0.000,231.242,1.055,16.454,286.004,18442.733,18362.423,1380.933,321.741,10333.255,122.428,218.914,3114.146,3192.749,81.709,-1.399,22880.076,28750.121
201903,百萬度,21724.287,18312.227,268.625,14641.722,7360.310,441.739,6839.673,2961.542,440.339,298.491,0.000,15.194,126.654,3412.060,2829.320,2676.240,120.019,33.061,582.740,0.000,259.268,0.771,16.706,305.995,21724.290,20853.683,1634.253,358.916,12158.680,129.527,219.126,3430.576,3281.521,910.389,-39.783,24591.976,30382.977
201904,百萬度,21929.585,18747.189,274.363,15674.911,7530.675,481.916,7662.320,2341.947,455.968,344.569,0.000,19.291,92.107,3182.396,2620.268,2482.636,108.771,28.861,562.128,0.139,273.228,13.925,16.111,258.725,21929.589,20715.772,1575.481,335.240,12007.751,130.459,229.448,3564.659,3207.975,1230.892,-17.075,25893.945,32913.190
201905,百萬度,23563.829,19957.087,278.430,16435.471,8843.463,321.300,7270.707,2332.343,910.844,809.042,0.000,15.687,86.114,3606.741,2980.176,2831.979,116.459,31.738,626.565,0.019,325.693,1.104,16.386,283.364,23563.829,22469.641,1737.170,344.432,12782.166,132.238,253.138,4040.117,3524.811,1121.831,-27.642,26834.269,33413.953
201906,百萬度,24234.119,20510.680,291.586,16380.289,9236.164,300.087,6844.038,2859.820,978.984,882.770,0.000,28.342,67.873,3723.439,3084.059,2921.933,125.711,36.414,639.380,0.063,318.802,0.464,13.939,306.111,24234.123,22778.201,1718.106,331.457,12374.060,131.773,261.801,4196.224,4096.236,1489.197,-33.274,28656.706,35925.186
201907,百萬度,26431.508,22334.727,305.146,18446.405,9491.335,341.489,8613.581,2927.579,655.596,536.693,0.000,29.919,88.985,4096.782,3400.984,3251.369,110.280,39.335,695.797,0.039,350.824,1.404,15.599,327.931,26431.508,24146.702,1762.690,314.269,13183.078,138.057,267.759,4434.803,4360.315,2319.486,-34.680,30336.561,37067.066
201908,百萬度,26299.513,22247.868,280.556,18116.737,9948.026,313.942,7854.769,2922.068,928.508,823.390,0.000,22.090,83.028,4051.645,3332.421,3196.674,97.381,38.366,719.224,0.062,376.147,0.541,10.974,331.501,26299.511,24853.147,1811.451,362.879,13206.171,136.474,293.425,4521.223,4884.402,1476.404,-30.040,30132.160,37021.664
201909,百萬度,23525.758,19689.435,254.196,15856.496,8221.073,244.813,7390.610,2862.321,716.422,536.638,0.000,28.894,150.890,3836.323,3145.026,3029.006,77.449,38.570,691.297,0.100,376.029,0.702,8.370,306.096,23525.760,24187.347,1576.774,296.402,12296.119,132.293,288.041,4489.781,5404.340,-619.762,-41.825,27979.831,35483.492
201910,百萬度,23397.797,19508.445,262.629,16020.018,7460.333,272.821,8286.864,2564.313,661.485,401.994,0.000,35.802,223.689,3889.352,3214.320,3054.758,103.482,56.080,675.032,0.118,387.218,2.914,5.962,278.820,23398.718,23698.612,1683.106,326.563,12672.784,137.619,283.706,4168.986,4752.411,-222.778,-77.116,26653.737,33572.182
201911,百萬度,21453.931,17797.372,238.123,14795.236,5622.496,466.487,8706.253,2174.783,589.230,265.257,0.000,22.546,301.426,3656.560,2996.009,2832.167,131.496,32.346,660.551,0.086,359.909,3.990,9.269,287.297,21455.100,22056.616,1564.296,313.766,12171.049,129.057,269.605,3830.504,4092.105,-513.145,-88.372,25213.266,30286.542
201912,百萬度,21658.900,18148.225,244.690,14479.231,5815.102,661.483,8002.646,2972.462,451.843,163.856,0.000,31.721,256.266,3510.675,2876.692,2751.223,87.335,38.134,633.983,0.129,289.027,1.021,15.724,328.081,21660.596,20750.989,1596.061,324.710,12288.641,132.329,241.306,3381.702,3110.950,980.938,-71.331,24572.177,28680.413
202001,百萬度,20658.900,17104.880,248.642,13473.465,5810.571,306.925,7355.969,2976.718,406.054,194.332,0.000,27.316,184.405,3554.020,2916.320,2788.728,94.860,32.731,637.700,0.043,276.080,0.562,13.531,347.484,20660.655,19983.271,1551.360,326.082,11687.733,132.183,219.357,3230.373,3162.266,682.761,-5.377,23228.792,28627.084
202002,百萬度,20358.077,17057.816,225.771,13814.235,5994.429,262.689,7557.117,2538.982,478.827,239.588,0.000,49.924,189.315,3300.262,2597.486,2473.515,83.414,40.557,702.776,0.143,385.134,1.000,12.977,303.522,20359.246,20087.696,1493.475,288.269,11542.507,119.628,251.283,3189.693,3491.110,305.596,-34.045,23228.792,28627.084
202003,百萬度,22064.840,18665.923,239.256,15679.191,7002.089,247.440,8429.662,2230.355,517.121,245.822,0.000,108.007,163.291,3398.917,2734.939,2599.293,100.925,34.721,663.978,0.097,354.986,0.595,17.398,290.899,22066.435,21299.985,1620.981,315.448,12422.298,129.108,228.765,3295.718,3603.115,803.693,-37.243,25275.543,30976.425
202004,百萬度,20947.198,17642.842,225.731,14704.559,7093.606,168.515,7442.438,2269.259,443.292,218.326,0.000,47.187,177.779,3304.357,2593.599,2458.274,102.489,32.836,710.758,0.437,438.395,0.702,14.839,256.383,20948.875,20359.686,1561.732,287.771,11792.760,124.869,250.421,3272.700,3357.203,620.170,-30.981,24752.143,29748.796
202005,百萬度,23852.487,20239.926,238.309,17276.691,8456.465,188.310,8631.916,2272.010,452.916,312.066,0.000,55.993,84.858,3612.560,2869.075,2737.142,100.090,31.843,743.485,0.131,461.338,0.176,13.744,268.089,23854.189,21917.068,1623.137,314.453,12531.591,124.552,262.971,3765.632,3609.185,1979.106,-41.984,27415.453,33428.241
202006,百萬度,25268.752,21380.808,279.188,17659.674,8934.946,204.523,8520.205,2851.930,590.016,359.237,0.000,80.940,149.839,3887.944,3123.958,2999.079,81.042,43.837,763.987,0.167,464.263,0.124,10.680,288.750,25270.340,22947.128,1618.869,305.822,12574.956,132.066,285.105,4086.925,4249.207,2379.186,-55.974,30115.111,36783.346
202007,百萬度,27118.481,23019.935,304.075,19329.093,10019.072,324.131,8985.890,2932.568,454.199,278.435,0.000,69.865,105.899,4098.546,3213.620,3050.624,125.524,37.471,884.926,0.165,549.755,0.218,12.468,322.317,27120.154,25444.271,1757.881,357.677,13292.883,139.390,331.869,4667.154,5255.094,1745.092,-69.209,31449.603,37714.613
202008,百萬度,26275.768,22287.086,310.097,18713.522,9774.131,290.173,8649.218,2918.151,345.316,208.487,0.000,69.107,67.722,3988.682,3156.240,3007.377,125.688,23.174,832.442,0.152,513.204,0.226,6.758,312.100,26276.939,25232.727,1769.316,382.161,13106.510,140.697,302.193,4379.683,5534.328,1114.836,-70.624,30578.996,36937.052
202009,百萬度,24888.280,20920.922,282.376,17451.955,9201.451,318.372,7932.132,2773.929,412.663,223.971,0.000,78.238,110.453,3967.357,3182.815,3047.230,107.659,27.927,784.542,0.178,468.412,0.339,8.549,307.012,24889.979,25362.270,1684.907,367.130,12965.208,136.862,324.840,4634.168,5616.285,-398.035,-74.256,29837.738,36603.269
202010,百萬度,23566.128,19793.882,297.672,15787.924,7180.250,234.773,8372.902,2953.921,754.365,303.720,0.000,85.626,365.020,3772.245,2970.390,2814.929,127.049,28.412,801.855,0.192,511.139,1.787,14.760,273.920,23567.785,24040.364,1583.862,332.610,13003.979,136.880,293.027,4058.336,4964.279,-456.271,-16.307,26961.037,33206.871
202011,百萬度,22451.709,18865.085,250.323,15342.247,6465.156,229.883,8647.208,2627.218,645.297,203.821,0.000,128.394,313.082,3586.623,2834.376,2690.464,113.426,30.486,752.248,0.142,454.094,1.943,14.057,281.924,22453.322,22642.483,1503.350,323.475,12763.443,133.340,272.654,3853.589,4116.107,-140.821,-48.340,26520.776,32467.972
202012,百萬度,22527.545,18933.331,257.477,15857.668,6533.186,361.829,8962.654,2095.203,722.983,231.035,0.000,116.689,375.259,3594.214,2938.260,2782.204,120.189,35.867,655.954,0.064,280.587,14.279,45.936,314.992,22529.266,21922.517,1537.148,341.899,13069.691,133.718,251.328,3710.486,3220.146,846.704,-239.956,25455.049,29737.008
202101,百萬度,22373.222,18771.986,257.731,15074.044,6359.991,299.915,8414.138,2822.815,617.395,217.935,0.000,121.135,278.325,3601.237,2961.798,2775.376,144.609,41.813,639.439,0.000,281.158,1.081,17.651,339.465,22374.918,21567.251,1449.766,345.530,12802.474,133.367,246.041,3398.673,3536.931,868.439,-60.772,25426.984,30241.915
202102,百萬度,19138.386,15845.980,247.635,12425.706,5671.158,268.902,6485.646,2684.823,487.817,181.472,0.000,127.268,179.077,3292.405,2699.446,2569.072,95.148,35.225,592.959,0.000,276.880,0.936,12.893,302.142,19139.769,19551.787,1329.064,328.236,11251.423,125.576,232.777,3001.880,3611.067,-371.891,-40.127,23844.182,29630.540
202103,百萬度,22797.580,19010.451,257.044,15334.565,6378.360,314.708,8641.497,2933.738,485.103,164.734,0.000,127.287,193.082,3787.129,3059.306,2922.251,101.653,35.402,727.823,0.007,424.445,0.751,16.512,286.091,22799.040,22547.711,1505.625,342.770,13319.963,138.063,264.091,3543.925,3776.044,282.577,-31.248,26015.186,31538.493
202104,百萬度,22528.725,18985.251,245.801,16011.580,7480.287,230.817,8300.476,2262.098,465.772,137.290,0.000,141.911,186.571,3543.473,2756.287,2631.353,97.902,27.032,787.186,0.000,512.934,0.890,14.559,258.803,22530.343,21882.262,1495.205,326.470,12923.094,137.153,254.909,3516.757,3555.143,752.850,-104.770,26693.022,32463.600
202105,百萬度,26205.335,22028.070,298.187,18912.900,9240.178,321.649,9351.073,2398.583,418.401,148.309,0.000,156.023,114.069,4177.265,3262.168,3116.674,120.230,25.264,915.097,0.000,612.738,0.235,13.445,288.679,26206.986,23668.927,1710.934,396.831,13933.092,133.284,278.008,3991.092,3622.517,2742.559,-204.500,30379.059,37968.746
202106,百萬度,25690.870,21545.302,259.095,18011.344,8874.986,343.500,8792.858,2723.635,551.228,293.501,0.000,140.434,117.293,4145.568,3290.425,3132.952,123.694,33.780,855.142,0.000,530.196,0.183,13.732,311.032,25692.294,23976.646,1632.095,339.006,13781.315,108.748,294.762,3759.003,4400.724,1768.013,-52.364,30517.101,37982.152
202107,百萬度,27699.460,23244.967,299.997,20156.262,9758.764,375.406,10022.091,2158.109,630.599,312.138,0.000,154.131,164.330,4454.493,3439.415,3284.639,117.221,37.556,1015.077,0.000,686.085,0.244,13.804,314.944,27701.114,25630.555,1686.923,335.433,14414.737,114.669,288.760,3958.586,5166.880,2089.056,-18.496,31974.489,38793.802
202108,百萬度,26836.244,22655.423,281.157,19494.142,9684.947,302.443,9506.752,2118.268,761.857,568.541,0.000,129.711,63.605,4180.820,3308.586,3158.384,112.193,38.009,872.234,0.000,543.633,0.232,12.315,316.049,26837.682,25674.661,1647.741,317.676,14260.325,129.956,294.408,4017.303,5324.927,1213.597,-50.576,30976.411,37827.678
202109,百萬度,26401.398,22306.360,251.967,19351.620,9707.228,429.929,9214.463,2118.343,584.430,379.396,0.000,150.416,54.618,4095.038,3124.817,2971.202,110.037,43.578,970.221,3.584,643.797,0.065,14.200,308.526,26402.934,25748.205,1605.399,298.291,13796.286,132.667,303.944,4392.826,5517.083,727.030,-72.302,31726.568,38248.888
202110,百萬度,25575.959,21402.061,304.770,18057.666,7611.636,505.629,9940.400,2148.193,891.432,534.837,0.000,128.264,228.332,4173.898,3126.022,2994.202,98.200,33.621,1047.875,1.843,754.857,0.412,13.896,276.837,25577.541,25889.030,1592.655,353.907,14071.379,134.100,317.119,4342.743,5431.035,-248.092,-63.398,29586.309,38025.461
202111,百萬度,22829.040,19097.347,250.116,16727.926,6626.121,427.798,9674.008,1439.140,680.165,309.207,0.000,101.930,269.028,3731.693,2867.311,2755.870,73.418,38.022,864.382,1.859,569.527,0.729,12.752,278.766,22830.613,24113.103,1414.041,296.009,13378.850,131.360,275.776,3979.570,4933.507,-1235.246,-47.244,27053.993,33189.366
202112,百萬度,22844.987,19034.872,230.525,16119.881,6343.270,236.746,9539.865,1980.204,704.262,220.267,0.000,96.797,387.198,3810.115,2962.942,2848.966,81.137,32.838,847.173,1.780,508.740,0.784,13.518,322.211,22844.923,22752.384,1392.531,293.554,13493.048,135.675,256.676,3620.843,3853.611,163.163,-70.624,26189.113,30495.827
202201,百萬度,22377.872,18990.467,219.218,15792.158,6289.110,304.516,9198.532,2218.843,760.248,277.470,0.000,98.931,383.848,3387.405,2650.140,2527.654,75.414,47.071,737.266,1.896,391.214,0.884,17.847,325.244,22377.819,21922.197,1424.956,282.271,13026.774,135.450,244.346,3533.231,3557.440,194.864,260.758,25727.239,30232.584
202202,百萬度,19950.833,17021.524,228.815,13845.359,6130.140,265.650,7449.569,1923.266,1024.084,558.138,0.000,93.966,371.980,2929.308,2156.581,2041.199,78.215,37.167,772.727,1.662,466.147,1.007,15.144,287.336,19950.795,20204.394,1349.871,278.641,11573.252,130.001,241.260,3173.578,3736.433,226.822,-480.421,25547.037,31031.760
